CREATE DATABASE `devWeb_Project_Bdd` /*!40100 DEFAULT CHARACTER SET utf8 */ /*!80016 DEFAULT ENCRYPTION='N' */

create table Admins
(
	adminId int(5) auto_increment
		primary key,
	adminPseudo varchar(25) not null,
	adminMdp varchar(64) not null,
	constraint Admins_adminPseudo_uindex
		unique (adminPseudo)
);

create table Categories
(
	idCategorie int(3) auto_increment
		primary key,
	nameCategorie varchar(45) not null
);

create table Parcours
(
	idParcours int(5) auto_increment
		primary key,
	nameParcours varchar(45) not null
);

create table Points
(
	idPoint int(5) auto_increment
		primary key,
	namePoint varchar(100) not null,
	descriptionPoint varchar(2000) null,
	latitudePoint double not null,
	longitudePoint double not null,
	vernaculairePoint varchar(100) null,
	disponiblePoint tinyint(1) default 1 not null
);

create table CategoriesPoints
(
	idPoint int(5) not null,
	idCategorie int(5) not null,
	primary key (idPoint, idCategorie),
	constraint CPC
		foreign key (idCategorie) references Categories (idCategorie)
			on update cascade on delete cascade,
	constraint CPP
		foreign key (idPoint) references Points (idPoint)
			on update cascade on delete cascade
);

create index CPC_idx
	on CategoriesPoints (idCategorie);

create table Medias
(
	idMedia int(5) auto_increment
		primary key,
	localisationMedia varchar(45) not null,
	idPoint int(5) null,
	constraint photosPoints
		foreign key (idPoint) references Points (idPoint)
);

create table ParcoursPoints
(
	idPoint int(5) not null,
	idParcours int(5) not null,
	numeroParcours int(3) not null,
	primary key (idPoint, idParcours),
	constraint ParcoursPoints_Parcours_idParcours_fk
		foreign key (idParcours) references Parcours (idParcours)
			on update cascade on delete cascade,
	constraint ParcoursPoints_Points_idPoint_fk
		foreign key (idPoint) references Points (idPoint)
			on update cascade on delete cascade
);

create table Utilisateurs
(
	id int(5) auto_increment
		primary key,
	username varchar(40) not null,
	password varchar(40) not null,
	constraint Utilisateurs_pseudoUtilisateur_uindex
		unique (username)
);



INSERT INTO devWeb_Project_Bdd.Admins (adminId, adminPseudo, adminMdp) VALUES (1, 'admin1', 'user1234');

INSERT INTO devWeb_Project_Bdd.Categories (idCategorie, nameCategorie) VALUES (1, 'Acer');
INSERT INTO devWeb_Project_Bdd.Categories (idCategorie, nameCategorie) VALUES (2, 'Quercus');
INSERT INTO devWeb_Project_Bdd.Categories (idCategorie, nameCategorie) VALUES (3, 'Salix');


INSERT INTO devWeb_Project_Bdd.Parcours (idParcours, nameParcours) VALUES (1, 'Parcours des Sciences');
INSERT INTO devWeb_Project_Bdd.Parcours (idParcours, nameParcours) VALUES (2, 'Parcours du cyclotron');
INSERT INTO devWeb_Project_Bdd.Parcours (idParcours, nameParcours) VALUES (3, 'Parcours du jardin botanique');
INSERT INTO devWeb_Project_Bdd.Parcours (idParcours, nameParcours) VALUES (4, 'Parcours du lac');
INSERT INTO devWeb_Project_Bdd.Parcours (idParcours, nameParcours) VALUES (5, 'Parcours du parc de Moulinsart');

INSERT INTO devWeb_Project_Bdd.Points (idPoint, namePoint, descriptionPoint, latitudePoint, longitudePoint, vernaculairePoint, disponiblePoint) VALUES (1, 'Salix alba cv. tristis', 'Le Saule blanc, Saule commun, Saule argenté, Osier blanc, ou Saule Vivier (Salix alba L.), est un arbre de la famille des Salicacées. Cet arbre commun dans les régions tempérées est souvent cultivé en forme de « têtard » pour la production d''osier.', 50.669303, 4.620818, 'Saule blanc pleureur', 1);
INSERT INTO devWeb_Project_Bdd.Points (idPoint, namePoint, descriptionPoint, latitudePoint, longitudePoint, vernaculairePoint, disponiblePoint) VALUES (2, 'Acer pensylvanicum', 'L’érable de Pennsylvanie ou érable jaspé (Acer pensylvanicum) est l''unique «érable à peau de serpent» qui ne soit pas originaire d''Asie mais du nord-est de l’Amérique du Nord (et principalement de Pennsylvanie). Il appartient à la section Macrantha de la classification des érables et a été introduit en Europe en 1755. L’équivalent asiatique est Acer tegmentosum.

L''orthographe pensylvanicum (avec un n absent) est celle utilisée à l''origine par Carl von Linné.', 50.669199, 4.620844, 'Érable de Pennsylvanie', 1);
INSERT INTO devWeb_Project_Bdd.Points (idPoint, namePoint, descriptionPoint, latitudePoint, longitudePoint, vernaculairePoint, disponiblePoint) VALUES (3, 'Cupressus Sempervirens', 'Cupressus sempervirens, encore appelé cyprès commun, cyprès sempervirent, cyprès toujours vert, cyprès d''Italie, cyprès de Provence, ou encore cyprès méditerranéen est un arbre de la famille des Cupressaceae.

Il est originaire d''Asie mineure, mais il a été acclimaté dans tout l''hémisphère nord, et plus particulièrement autour du bassin méditerranéen. Il résiste à −20 °C et tolère une sécheresse relative. Il est aussi présent dans l''hémisphère sud comme à Antananarivo où il est commun.', 0, 0, 'Cyprès commun', 0);
INSERT INTO devWeb_Project_Bdd.Points (idPoint, namePoint, descriptionPoint, latitudePoint, longitudePoint, vernaculairePoint, disponiblePoint) VALUES (4, 'Carya illinonensis', 'Le pacanier ou noyer de pécan (Carya illinoinensis) est un arbre de la famille des Juglandacées, cultivé pour son fruit (la noix de pécan ou pacane) principalement en Amérique du Nord d''où il est originaire.

Par la qualité de son fruit, il est proche du noyer commun (Juglans regia) bien que distinct sur le plan morphologique puisqu''il appartient au genre Carya (les caryers ou hickories en anglais) et non au genre Juglans.', 50.669722, 4.621585, 'Noyer de pécan', 1);
INSERT INTO devWeb_Project_Bdd.Points (idPoint, namePoint, descriptionPoint, latitudePoint, longitudePoint, vernaculairePoint, disponiblePoint) VALUES (5, 'Taxus baccata', 'L’if commun (ou if à baies), (Taxus baccata), est une espèce de conifères non résineux de la famille des Taxaceae. Très longévif, poussant lentement, c’est un arbre qui se prête bien à la taille. Il est parfois appelé if à baies.

Un peuplement d''ifs est appelé « ivaie ». Ces peuplements sont devenus rares. Ils sont protégés au titre d''habitat prioritaire en Europe. Les ivaies sont parfois ripicoles et certaines étaient ou sont encore (en Algérie par exemple) des bois sacrés.', 50.669494, 4.621766, 'If commun', 1);
INSERT INTO devWeb_Project_Bdd.Points (idPoint, namePoint, descriptionPoint, latitudePoint, longitudePoint, vernaculairePoint, disponiblePoint) VALUES (6, 'Picea omorika', 'L''Épicéa de Serbie (Picea omorika), en serbe cyrillique панчићева оморика et en serbe translittéré pančićeva omorika, est une espèce d''épicéa endémique d''une petite région des Balkans.', 0, 0, 'Épicéa de Serbie', 0);
INSERT INTO devWeb_Project_Bdd.Points (idPoint, namePoint, descriptionPoint, latitudePoint, longitudePoint, vernaculairePoint, disponiblePoint) VALUES (7, 'Ulmus minor', 'L’Orme champêtre, l’Ormeau ou le Petit Orme (Ulmus minor) est une espèce d''arbres à feuilles caduques de la famille des ulmacées. Il est parfois appelé Ipréau, Orme cilié ou Yvet.

Il s''agit d''une espèce communément établie à des altitudes modestes sur des sols calcaires et secs, souvent à l''état subspontané. Les plus vieux spécimens ont été décimés par l''épidémie de graphiose de l''orme (maladie hollandaise de l''orme) et il est toujours déconseillé à la plantation, la graphiose évoluant en variantes de plus en plus dévastatrices...', 50.669299, 4.622075, 'Orme champêtre', 1);
INSERT INTO devWeb_Project_Bdd.Points (idPoint, namePoint, descriptionPoint, latitudePoint, longitudePoint, vernaculairePoint, disponiblePoint) VALUES (8, 'Acer capillipes', 'L''Érable jaspé de rouge est une espèce d''érable découverte en 1867 par Carl Johann Maximowicz (1827-1891) et introduite en Europe en 1892. Elle appartient à la section Macrantha de la classification des érables. Originaire d''Asie (forêts montagneuses du Japon principalement), c''est une des espèces d''érable les plus vigoureuses, résistantes au froid et qui ne nécessitent quasiment aucun entretien particulier. Ce type d''arbre apprécie les zones humides, les sols drainés et légers et une exposition ombragée. Son écorce striée vert et blanc caractéristique classe Acer capillipes dans la catégorie des érables à peau de serpent. Ses feuilles à pétioles rouges ont trois lobes pointus et peuvent mesurer jusqu''à 15 cm de long sur 10 cm de large. Vertes au printemps, elles passent au rouge orangé en automne.', 50.668921, 4.622273, 'Érable jaspé de rouge', 1);
INSERT INTO devWeb_Project_Bdd.Points (idPoint, namePoint, descriptionPoint, latitudePoint, longitudePoint, vernaculairePoint, disponiblePoint) VALUES (9, 'Quercus robur cv. fastigiata', 'Le chêne pédonculé (Quercus robur L., 1753) est une espèce d''arbres à feuillage caduc originaire des régions tempérées d''Europe, appartenant à la famille des Fagacées. Son fruit est porté par un long pédoncule.

L''arbre est parfois appelé chêne blanc, chêne femelle, gravelin, chêne à grappe ou châgne. Son nom latin Quercus robur signifie « chêne robuste ».', 50.668846, 4.622309, 'Chêne pédonculé fastigié', 1);
INSERT INTO devWeb_Project_Bdd.Points (idPoint, namePoint, descriptionPoint, latitudePoint, longitudePoint, vernaculairePoint, disponiblePoint) VALUES (10, 'Ulmus minor cv. variegata', 'L’Orme champêtre, l’Ormeau ou le Petit Orme (Ulmus minor) est une espèce d''arbres à feuilles caduques de la famille des ulmacées. Il est parfois appelé Ipréau, Orme cilié ou Yvet.

Il s''agit d''une espèce communément établie à des altitudes modestes sur des sols calcaires et secs, souvent à l''état subspontané. Les plus vieux spécimens ont été décimés par l''épidémie de graphiose de l''orme (maladie hollandaise de l''orme) et il est toujours déconseillé à la plantation, la graphiose évoluant en variantes de plus en plus dévastatrices...', 50.668515, 4.622222, 'Orme champêtre panaché', 1);
INSERT INTO devWeb_Project_Bdd.Points (idPoint, namePoint, descriptionPoint, latitudePoint, longitudePoint, vernaculairePoint, disponiblePoint) VALUES (11, 'Parrotia persica', 'Le nom du genre Metasequoia vient du grec meta (=proche de) et de sequoia, un genre de grands arbres de la même famille. L''épithète spécifique glyptostroboides signifie « semblable au Glyptostrobus ». Glyptostrobus pensilis est un cyprès chinois des marais, également originaire de Chine.', 50.668347, 4.621765, 'Parrotie de Perse', 1);
INSERT INTO devWeb_Project_Bdd.Points (idPoint, namePoint, descriptionPoint, latitudePoint, longitudePoint, vernaculairePoint, disponiblePoint) VALUES (12, 'Carpinus betulus', 'Le Charme, ou Charme commun, Carpinus betulus, parfois appelé charmille, est un arbre de taille moyenne, à feuilles caduques et appartenant à la famille des Bétulacées. Il est assez répandu dans les forêts d''Europe centrale. C''est une essence forestière secondaire présente en taillis sous futaie.', 50.668466, 4.623166, 'Charme commun', 1);
INSERT INTO devWeb_Project_Bdd.Points (idPoint, namePoint, descriptionPoint, latitudePoint, longitudePoint, vernaculairePoint, disponiblePoint) VALUES (13, 'Corylus avellana', 'Le Noisetier ou Coudrier (Corylus avellana) est un arbrisseau de 5 à 8 mètres de hauteur et appartenant au genre Corylus et à la famille des Bétulacées. Les 15 espèces du genre Corylus qui donnent toutes des fruits à coque contenant une amande comestible, sont aussi nommées en français « noisetier ». Deux espèces de Corylus sont indigènes en Europe, le Corylus avellana et le Corylus colurna, le « noisetier de Byzance », présent dans les Balkans, la Roumanie et la Turquie. Pour distinguer le Corylus avellana des autres, on l’appelle généralement « noisetier commun » ou « noisetier européen ».

Le noisetier commun est un arbuste spontané dans l’ensemble de l’Europe jusqu’à l’Oural et l’Anatolie du Nord. C’est une plante des bois, des haies et des jardins qui donne un fruit comestible apprécié, la noisette. Il a un bois souple.

Il a été la source de nombreux cultivars en Europe et en Turquie qui furent sélectionnés à partir des populations locales de noisetiers sauvages. Une variété à gros fruits est parfois appelée Avelinier. La Turquie est depuis longtemps le premier producteur et exportateur mondial de noisettes, avec 67 % de la production mondiale en 2017. En seconde position vient l’Italie, avec 13 %. La filière de la noisette est aussi bien développée aux États-Unis et en Chine, deux pays où Corylus avellana n’est pas indigène.', 50.668688, 4.625091, 'Noisetier', 1);
INSERT INTO devWeb_Project_Bdd.Points (idPoint, namePoint, descriptionPoint, latitudePoint, longitudePoint, vernaculairePoint, disponiblePoint) VALUES (14, 'Juglans nigra', 'Le Noyer d''Amérique ou Noyer noir (Juglans nigra) est un grand arbre de la famille des Juglandacées, originaire d''Amérique du Nord, largement cultivé pour ses fruits, son bois et ses qualités ornementales1. Il est introduit un peu partout dans le monde. Les deux pays européens qui comprennent les plus grandes superficies plantées en noyer noir sont la Hongrie et la Roumanie.', 50.668475, 4.625003, 'Noyer noir', 1);
INSERT INTO devWeb_Project_Bdd.Points (idPoint, namePoint, descriptionPoint, latitudePoint, longitudePoint, vernaculairePoint, disponiblePoint) VALUES (15, 'Zone de Fagus sylvatica', 'Le Hêtre commun, Fagus sylvatica, couramment désigné simplement comme le hêtre est une espèce d''arbres à feuilles caduques, indigène d''Europe, appartenant à la famille des Fagaceae, tout comme le chêne et le châtaignier.

Il est l''une des principales essences constitutives des forêts tempérées caducifoliées d''Europe où on peut le trouver en peuplements exclusifs de hêtraies pures ou le plus souvent associé à d''autres espèces majeures dans des forêts feuillues, principalement avec le Chêne rouvre, ou dans des forêts mixtes avec le Sapin pectiné ou l''Épicéa commun.

C''est une essence bioindicatrice d''un climat tempéré humide. Les forestiers en pratiquent de longue date la sylviculture pour produire du bois de futaie principalement destiné à l''ameublement. Il est également utilisé comme source de bois de chauffage, surtout en zone de montagne.', 50.668255, 4.624455, 'Zone de hêtre commun', 1);
INSERT INTO devWeb_Project_Bdd.Points (idPoint, namePoint, descriptionPoint, latitudePoint, longitudePoint, vernaculairePoint, disponiblePoint) VALUES (16, 'Quercus robur - arbre de la continuité', 'Le chêne pédonculé (Quercus robur L., 1753) est une espèce d''arbres à feuillage caduc originaire des régions tempérées d''Europe, appartenant à la famille des Fagacées. Son fruit est porté par un long pédoncule.', 50.667956, 4.624662, 'Chêne pédonculé', 1);
INSERT INTO devWeb_Project_Bdd.Points (idPoint, namePoint, descriptionPoint, latitudePoint, longitudePoint, vernaculairePoint, disponiblePoint) VALUES (17, 'Salix alba', 'Le Saule blanc, Saule commun, Saule argenté, Osier blanc, ou Saule Vivier (Salix alba L.), est un arbre de la famille des Salicacées. Cet arbre commun dans les régions tempérées est souvent cultivé en forme de « têtard » pour la production d''osier.', 50.667403, 4.623322, 'Saule blanc', 1);
INSERT INTO devWeb_Project_Bdd.Points (idPoint, namePoint, descriptionPoint, latitudePoint, longitudePoint, vernaculairePoint, disponiblePoint) VALUES (18, 'Populus nigra subsp. pyramidalis', 'Le peuplier noir (Populus nigra) est une espèce d''arbres de la famille des Salicacées. Ce peuplier de grande taille colonise de préférence les sols riches et dénués de végétation, tels que les grèves et bancs de sable humides. Il en existe de nombreux hybrides ou variétés, notamment le Peuplier d''Italie (Populus nigra var. Italica), à port érigé et étroit, planté comme arbre d''ornement ou d''alignement. La souplesse des fibres se prête bien à la fabrication du bois déroulé pour le placage et le contreplaqué. La plante a aussi des propriétés médicinales et sert à faire du charbon actif.', 50.66728, 4.622441, 'Peuplier noir d''Italie', 1);
INSERT INTO devWeb_Project_Bdd.Points (idPoint, namePoint, descriptionPoint, latitudePoint, longitudePoint, vernaculairePoint, disponiblePoint) VALUES (19, 'Robinia pseudoacacia cv. Frisia', 'Le robinier faux-acacia ou acacia (Robinia pseudoacacia) est une espèce de la famille des Fabacées (légumineuses de la sous-famille des Viciaceae). Cet arbre présente des fleurs zygomorphes caractéristiques chez les Fabacées. Ses fruits sont des gousses ressemblant à un haricot plat avec des graines à l''intérieur. ''Frisia'' : à feuille plus étroite et restant jaune vif au printemps ; exposition protégée du vent. Arbre de petite à moyenne stature ; épines rouge.', 50.666781, 4.622288, 'Robinier faux-acacia cv. Frisia (acacier doré)', 1);
INSERT INTO devWeb_Project_Bdd.Points (idPoint, namePoint, descriptionPoint, latitudePoint, longitudePoint, vernaculairePoint, disponiblePoint) VALUES (20, 'Robinia pseudoacacia', 'Le robinier faux-acacia ou acacia (Robinia pseudoacacia) est une espèce de la famille des Fabacées (légumineuses de la sous-famille des Viciaceae). Cet arbre présente des fleurs zygomorphes caractéristiques chez les Fabacées. Ses fruits sont des gousses ressemblant à un haricot plat avec des graines à l''intérieur.', 50.666506, 4.62254, 'Robinier faux-acacia', 1);
INSERT INTO devWeb_Project_Bdd.Points (idPoint, namePoint, descriptionPoint, latitudePoint, longitudePoint, vernaculairePoint, disponiblePoint) VALUES (21, 'Sorbus aucuparia', 'Le Sorbier des oiseleurs ou Sorbier des oiseaux (Sorbus aucuparia L.) est un petit arbre qui peut atteindre les 5 mètres de haut. Il vit principalement en lisière de forêts d''épicéas. Le sorbier est cousin avec le cormier. Ses feuilles sont composées de 17 ou 15 folioles lancéolées doublement dentées reliées au pétiole.', 50.665647, 4.621641, 'Sorbier des oiseaux', 1);
INSERT INTO devWeb_Project_Bdd.Points (idPoint, namePoint, descriptionPoint, latitudePoint, longitudePoint, vernaculairePoint, disponiblePoint) VALUES (22, 'Ginkgo biloba', 'L’Arbre aux quarante écus, l’Abricotier d''argent, Ginkgo (Ginkgo biloba L., 1771) (银杏 yínxìng en chinois) est une espèce d''arbres et la seule représentante actuelle de la famille des Ginkgoaceae. C''est la seule espèce actuelle de la division des ginkgophyta. Elle est considérée comme une espèce panchroniquenote. C''est la plus ancienne famille d''arbres connue, puisqu''elle serait apparue il y a plus de 270 millions d''années. Elle existait déjà une quarantaine de millions d''années avant l''apparition des dinosaures.', 0, 0, 'Abricotier d''argent', 0);
INSERT INTO devWeb_Project_Bdd.Points (idPoint, namePoint, descriptionPoint, latitudePoint, longitudePoint, vernaculairePoint, disponiblePoint) VALUES (23, 'Crataegus crus-galli', 'L''aubépine ergot de Coq (Crataegus crus-galli), aussi appelée "aubépine de Virginie", est une espèce végétale de la famille des Rosaceae. C''est une aubépine originaire de l''Est de l''Amérique du Nord, du Québec à la Louisiane.', 50.665508, 4.621451, 'Aubépine ergot de coq', 1);
INSERT INTO devWeb_Project_Bdd.Points (idPoint, namePoint, descriptionPoint, latitudePoint, longitudePoint, vernaculairePoint, disponiblePoint) VALUES (24, 'Sequoiadendron giganteum', 'Le Séquoia géant (Sequoiadendron giganteum) est une espèce de conifères de la famille des Taxodiaceae (classification classique) ou des Cupressaceae (classification phylogénétique). Il est l''unique représentant actuel du genre Sequoiadendron.

Endémique des montagnes de la Sierra Nevada en Californie, le Séquoia géant comprend les arbres les plus grands du monde en volume. Un certain nombre de caractères biologiques l''apparentent aux deux autres espèces de la sous-famille des Sequoioideae (en) : le Séquoia à feuilles d''if, qui le dépasse en hauteur et pousse le long des côtes californiennes, et Metasequoia glyptostroboides, plus petit et originaire de Chine.', 50.665421, 4.621282, 'Séquoia géant', 1);
INSERT INTO devWeb_Project_Bdd.Points (idPoint, namePoint, descriptionPoint, latitudePoint, longitudePoint, vernaculairePoint, disponiblePoint) VALUES (25, 'Alnus incana', 'L''aulne blanc, aulne rugueux, aulne de montagne, arcoce ou varne est un arbre, de la famille des bétulacées, originaire des régions tempérées de l''hémisphère nord.', 50.665188, 4.621086, 'Aulne blanc', 1);
INSERT INTO devWeb_Project_Bdd.Points (idPoint, namePoint, descriptionPoint, latitudePoint, longitudePoint, vernaculairePoint, disponiblePoint) VALUES (26, 'Tilia tomentosa', 'Le tilleul argenté (Tilia tomentosa), encore appelé Tilleul de Hongrie, est un arbre de la famille des Tiliaceae, ou des Malvaceae, sous-famille des Tilioideae, selon la classification phylogénétique. C''est une espèce originaire de l''est du bassin méditerranéen. Résistant bien à la pollution, il est souvent employé comme arbre d''alignement dans les villes.', 50.665438, 4.621006, 'Tilleul argenté', 1);
INSERT INTO devWeb_Project_Bdd.Points (idPoint, namePoint, descriptionPoint, latitudePoint, longitudePoint, vernaculairePoint, disponiblePoint) VALUES (27, 'Tilia mongolica', 'Tilia mongolica Maxim., le Tilleul de Mongolie, a été découvert par le Père David en 1864 et introduit en occident en 1880. L''arbre vient de Mongolie, de l''est de la Russie et du nord de la Chine. Il pousse entre 1 200 et 2 200  m d''altitude.', 50.66571, 4.62081, 'Tilleul de Mongolie', 1);
INSERT INTO devWeb_Project_Bdd.Points (idPoint, namePoint, descriptionPoint, latitudePoint, longitudePoint, vernaculairePoint, disponiblePoint) VALUES (28, 'Tilia cordata', 'Le Tilleul à petites feuilles (Tilia cordata Mill.) est un arbre du genre Tilia et de la famille des Tiliaceae, ou des Malvaceae selon la classification phylogénétique.', 0, 0, 'Tilleul à petites feuilles', 0);
INSERT INTO devWeb_Project_Bdd.Points (idPoint, namePoint, descriptionPoint, latitudePoint, longitudePoint, vernaculairePoint, disponiblePoint) VALUES (29, 'Zelkova serrata', 'Le zelkova du Japon (Zelkova serrata) est un arbre caducifolié aux feuilles dentelées lancéolées de la famille des Ulmaceae. Il est appelé keyaki (欅, ケヤキ) au Japon. Philipp Franz von Siebold, l''a introduit aux Pays-Bas en 1830.', 50.665418, 4.620442, 'Zelkova du Japon', 1);
INSERT INTO devWeb_Project_Bdd.Points (idPoint, namePoint, descriptionPoint, latitudePoint, longitudePoint, vernaculairePoint, disponiblePoint) VALUES (30, 'Populus x interamericana cv. UNAL', 'Les peupliers sont des arbres du genre Populus de la famille des Salicacées.', 50.665071, 4.620126, 'Peuplier interaméricain cv. Unal', 1);
INSERT INTO devWeb_Project_Bdd.Points (idPoint, namePoint, descriptionPoint, latitudePoint, longitudePoint, vernaculairePoint, disponiblePoint) VALUES (31, 'Fagus sylvatica cv. laciniata', 'Le Hêtre commun, Fagus sylvatica, couramment désigné simplement comme le hêtre est une espèce d''arbres à feuilles caduques, indigène d''Europe, appartenant à la famille des Fagaceae, tout comme le chêne et le châtaignier.

Il est l''une des principales essences constitutives des forêts tempérées caducifoliées d''Europe où on peut le trouver en peuplements exclusifs de hêtraies pures ou le plus souvent associé à d''autres espèces majeures dans des forêts feuillues, principalement avec le Chêne rouvre, ou dans des forêts mixtes avec le Sapin pectiné ou l''Épicéa commun.

C''est une essence bioindicatrice d''un climat tempéré humide. Les forestiers en pratiquent de longue date la sylviculture pour produire du bois de futaie principalement destiné à l''ameublement. Il est également utilisé comme source de bois de chauffage, surtout en zone de montagne.Laciniata: Hêtre à feuilles étroites profondément lobées.', 50.665499, 4.620185, 'Hêtre commun laciniata', 1);
INSERT INTO devWeb_Project_Bdd.Points (idPoint, namePoint, descriptionPoint, latitudePoint, longitudePoint, vernaculairePoint, disponiblePoint) VALUES (32, 'Betula pendula', 'Le bouleau verruqueux ou bouleau blanc (Betula pendula, syn. B. verrucosa), ou encore bouleau d''Europe, mais aussi bouleau blanc d''Europe est un arbre pouvant atteindre 25 mètres de hauteur. Originaire d''Europe et d''Asie, c''est un arbre très rustique et qui a besoin de lumière. Il aime les sols secs à frais, siliceux de préférence. Les sols acides à alcalins ne le dérangent pas outre mesure. C''est une essence pionnière, colonisatrice et très adaptable. Il résiste parfaitement aux embruns. Il peut être isolé, en alignement, bosquet, etc.', 50.665795, 4.620305, 'Bouleau verruqueux', 1);
INSERT INTO devWeb_Project_Bdd.Points (idPoint, namePoint, descriptionPoint, latitudePoint, longitudePoint, vernaculairePoint, disponiblePoint) VALUES (33, 'Juniperus chinensis cv. Hetzii', 'Le genévrier de Chine (Juniperus chinensis) est une espèce d''arbres appartenant au genre Juniperus et à la famille des Cupressaceae. Il est originaire du continent asiatique', 50.665962, 4.620206, 'Genévrier de Chine cv. Hetzii', 1);
INSERT INTO devWeb_Project_Bdd.Points (idPoint, namePoint, descriptionPoint, latitudePoint, longitudePoint, vernaculairePoint, disponiblePoint) VALUES (34, 'Metasequoia glyptostroboides', 'Metasequoia glyptostroboides, aussi appelé « sapin d''eau », est une espèce de grand arbre de la famille des Taxodiaceae, ou des Cupressaceae selon la classification phylogénétique. Il est originaire de Chine où il a été découvert en 1943. C''est l''unique espèce vivante du genre Metasequoia dont l''origine remonte au Pliocène et à ce titre est considéré comme une forme panchronique.

Le nom du genre Metasequoia vient du grec meta (=proche de) et de sequoia, un genre de grands arbres de la même famille. L''épithète spécifique glyptostroboides signifie « semblable au Glyptostrobus ». Glyptostrobus pensilis est un cyprès chinois des marais, également originaire de Chine.', 50.666361, 4.620517, 'Sapin d''eau', 1);
INSERT INTO devWeb_Project_Bdd.Points (idPoint, namePoint, descriptionPoint, latitudePoint, longitudePoint, vernaculairePoint, disponiblePoint) VALUES (35, 'Crataegus x lavallei', 'Crataegus × lavalleei, parfois connu sous d''aubépine de Lavallée, est un hybride qui est né entre des spécimens cultivés de deux espèces du genre Crataegus (Aubépine). C''est un petit arbre ornemental à feuilles non lobées vert foncé brillant qui est utilisé en horticulture.

Le parent femelle était C. mexicana (parfois appelé à tort C. pubescens), et le parent mâle serait C. calpodendron (qui est parfois appelé à tort C. crus-galli).

L''aubépine de Carrière, C. × carrierei a la même filiation, et est donc un synonyme, c''est-à-dire la même espèce. Il existe des différences mineures entre l''aubépine de Lavallée et l''aubépine de Carrière, et ce dernier est considéré comme un cultivar distinct, qui est formellement écrit comme Crataegus ''Carrierei''. Il a remporté le prix du mérite du jardin de la Royal Horticultural Society. Les feuilles deviennent rouges avant de tomber très tard dans la saison. Ce cultivar se caractérise également par des tiges presque sans épines et d''abondantes baies orange qui durent longtemps sur l''arbre.', 0, 0, 'Aubépine de Lavallée', 0);
INSERT INTO devWeb_Project_Bdd.Points (idPoint, namePoint, descriptionPoint, latitudePoint, longitudePoint, vernaculairePoint, disponiblePoint) VALUES (36, 'Liquidambar styraciflua', 'Le copalme d''Amérique ou Liquidambar (Liquidambar styraciflua) est une espèce d''arbres qui appartient maintenant à la famille des Altingiacées, auparavant classé dans la famille des Hamamelidacées.', 50.666495, 4.61986, 'Copalme d''Amérique', 1);
INSERT INTO devWeb_Project_Bdd.Points (idPoint, namePoint, descriptionPoint, latitudePoint, longitudePoint, vernaculairePoint, disponiblePoint) VALUES (37, 'Acer platanoides', 'L''Érable plane (Acer platanoides L.) est un arbre de grande taille de la famille des Sapindaceae fréquent dans les régions montagneuses d''Europe. Il est parfois appelé Érable de Norvège, Iseron, Plane, Main-découpée, Plaine ou Faux Sycomore.

Son nom commun lui vient de la forte ressemblance des feuilles avec celles du platane. À ne pas confondre avec l''espèce voisine Acer pseudoplatanus, érable faux-platane ou sycomore lequel a une écorce formant des plaques se détachant du tronc chez l''arbre adulte.', 50.666451, 4.619638, 'Érable plane', 1);
INSERT INTO devWeb_Project_Bdd.Points (idPoint, namePoint, descriptionPoint, latitudePoint, longitudePoint, vernaculairePoint, disponiblePoint) VALUES (38, 'Acer campestre', 'L''Érable champêtre (Acer campestre) est un arbre du genre Acer appartenant à la famille des Acéracées (Sapindaceae APG III). Il est classé dans la section Platanoidea de la classification des érables.', 50.666978, 4.619667, 'Érable champêtre', 1);
INSERT INTO devWeb_Project_Bdd.Points (idPoint, namePoint, descriptionPoint, latitudePoint, longitudePoint, vernaculairePoint, disponiblePoint) VALUES (39, 'Betula nigra cv. Héritage', 'Le Betula nigra (Bouleau noir) est une espèce de bouleau; il est commun dans les plaines alluviales et les marais de l''est des États-Unis, du New Hampshire au Minnesota, de la Floride à l''est du Texas.', 50.666915, 4.619495, 'Bouleau noir cv. Héritage', 1);
INSERT INTO devWeb_Project_Bdd.Points (idPoint, namePoint, descriptionPoint, latitudePoint, longitudePoint, vernaculairePoint, disponiblePoint) VALUES (40, 'Betula pendula', 'Le bouleau verruqueux ou bouleau blanc (Betula pendula, syn. B. verrucosa), ou encore bouleau d''Europe, mais aussi bouleau blanc d''Europe est un arbre pouvant atteindre 25 mètres de hauteur. Originaire d''Europe et d''Asie, c''est un arbre très rustique et qui a besoin de lumière. Il aime les sols secs à frais, siliceux de préférence. Les sols acides à alcalins ne le dérangent pas outre mesure. C''est une essence pionnière, colonisatrice et très adaptable. Il résiste parfaitement aux embruns. Il peut être isolé, en alignement, bosquet, etc.', 0, 0, 'Bouleau verruqueux', 0);
INSERT INTO devWeb_Project_Bdd.Points (idPoint, namePoint, descriptionPoint, latitudePoint, longitudePoint, vernaculairePoint, disponiblePoint) VALUES (41, 'Pinus nigra ssp. Nigricans', 'Le Pin noir (Pinus nigra) est une espèce de pin présentant de nombreuses variétés et que l''on trouve en Europe méridionale, de l''Espagne à la Crimée, en Asie Mineure, à Chypre et, localement, dans les montagnes de l''Atlas en Afrique du Nord-Ouest.

L''une de ses sous-espèces, le Pin de Salzmann — en raison de sa résistance à la sécheresse — fait l''objet d''études, de la part de l''INRA notamment, qui songe à le valoriser dans le contexte de la perspective d''un réchauffement climatique. Ses populations naturelles constituent un habitat prioritaire au sens de la directive Habitats, sous le nom de « Pinèdes (sub-)méditerranéennes de pins noirs endémiques : Pin de Salzmann ».', 0, 0, 'Pin noir ssp. d''Autriche', 0);
INSERT INTO devWeb_Project_Bdd.Points (idPoint, namePoint, descriptionPoint, latitudePoint, longitudePoint, vernaculairePoint, disponiblePoint) VALUES (42, 'Pinus nigra ssp. Nigricans', 'Le Pin noir (Pinus nigra) est une espèce de pin présentant de nombreuses variétés et que l''on trouve en Europe méridionale, de l''Espagne à la Crimée, en Asie Mineure, à Chypre et, localement, dans les montagnes de l''Atlas en Afrique du Nord-Ouest.', 0, 0, 'Pin noir ssp. d''Autriche', 0);
INSERT INTO devWeb_Project_Bdd.Points (idPoint, namePoint, descriptionPoint, latitudePoint, longitudePoint, vernaculairePoint, disponiblePoint) VALUES (43, 'Pinus nigra ssp. Nigricans', 'Le Pin noir (Pinus nigra) est une espèce de pin présentant de nombreuses variétés et que l''on trouve en Europe méridionale, de l''Espagne à la Crimée, en Asie Mineure, à Chypre et, localement, dans les montagnes de l''Atlas en Afrique du Nord-Ouest.', 50.666822, 4.618967, 'Pin noir ssp. d''Autriche', 1);
INSERT INTO devWeb_Project_Bdd.Points (idPoint, namePoint, descriptionPoint, latitudePoint, longitudePoint, vernaculairePoint, disponiblePoint) VALUES (44, 'Liriodendron tulipifera cv. aureomarginatum', 'Le tulipier de Virginie ou arbre aux lis est un arbre feuillu de la famille des Magnoliacées originaire du sud et de l''est des États-Unis.', 0, 0, 'Tulipier de Virginie cv. Aureomarginatum', 0);
INSERT INTO devWeb_Project_Bdd.Points (idPoint, namePoint, descriptionPoint, latitudePoint, longitudePoint, vernaculairePoint, disponiblePoint) VALUES (45, 'Quercus macrocarpa', 'Le Chêne à gros fruits (Quercus macrocarpa) est une espèce d''arbres présente en Amérique du Nord aux États-Unis et au Canada. Il a été décrit pour la première fois par le botaniste André Michaux dans son Histoire des chênes de l''Amérique septentrionale. Malgré son nom vernaculaire et son nom scientifique, ce n’est pas l’espèce qui produit les plus gros fruits dans le genre.', 50.666919, 4.618769, 'Chêne à gros fruits', 1);
INSERT INTO devWeb_Project_Bdd.Points (idPoint, namePoint, descriptionPoint, latitudePoint, longitudePoint, vernaculairePoint, disponiblePoint) VALUES (46, 'Platanus x acerifolia', 'Le platane commun ou platane à feuilles d''érable est une espèce hybride d''arbres de la famille des Platanaceae. C''est un hybride entre le platane d''Occident (Amérique du Nord) et le platane d''Orient (ouest de l''Asie, sud est de l''Europe), à fertilité très faible (seule une infime partie des graines peuvent germer), apparu au cours du xviiie siècle en Europe. Cette espèce est couramment utilisée comme arbre d''ornement et d''alignement le long des rues.', 0, 0, 'Platane à feuilles d''érable', 0);
INSERT INTO devWeb_Project_Bdd.Points (idPoint, namePoint, descriptionPoint, latitudePoint, longitudePoint, vernaculairePoint, disponiblePoint) VALUES (47, 'Sorbus aria', 'L''Alisier blanc, Alisier de Bourgogne, Alouchier ou Sorbier des Alpes (Sorbus aria) est un arbre de la famille des Rosacées originaire du sud de l''Europe.', 50.668369, 4.618694, 'Sorbier blanc', 1);
INSERT INTO devWeb_Project_Bdd.Points (idPoint, namePoint, descriptionPoint, latitudePoint, longitudePoint, vernaculairePoint, disponiblePoint) VALUES (48, 'Carpinus betulus cv. fastigiata', 'Le Charme, ou Charme commun, Carpinus betulus, parfois appelé charmille, est un arbre de taille moyenne, à feuilles caduques et appartenant à la famille des Bétulacées. Il est assez répandu dans les forêts d''Europe centrale. C''est une essence forestière secondaire présente en taillis sous futaie.', 50.666331, 4.623486, 'Charme commun fastigié', 1);
INSERT INTO devWeb_Project_Bdd.Points (idPoint, namePoint, descriptionPoint, latitudePoint, longitudePoint, vernaculairePoint, disponiblePoint) VALUES (49, 'Acer negundo', 'L''Érable negundo ou Érable négondo (Acer negundo) est une espèce végétale de la famille des Aceraceae. Cet érable d’une dizaine de mètres de hauteur est originaire de l’est de l''Amérique du Nord. On l''appelle aussi Érable à giguère, peut-être par déformation du nom « érable argilière » qu''utilisaient les Français de l''Illinois, en 1814. Il est appelé parfois Érable à feuilles de frêne ou Érable américain. Cette essence peu intéressante pour son bois a été introduite sur d''autres continents en tant qu''arbre d''ornement pour les parcs et jardins. Elle s''est révélée être localement envahissante.', 50.666532, 4.623501, 'Érable negundo', 1);
INSERT INTO devWeb_Project_Bdd.Points (idPoint, namePoint, descriptionPoint, latitudePoint, longitudePoint, vernaculairePoint, disponiblePoint) VALUES (50, 'Aesculus hippocastanum', 'Le marronnier commun, marronnier d''Inde ou marronnier blanc (Aesculus hippocastanum L.) est un arbre de la famille des Hippocastanaceae (Sapindaceae en classification APGIII). Il est parfois appelé châtaignier de mer, marronnier faux-châtaignier ou châtaignier des chevaux.

Il est souvent confondu avec le châtaignier commun (Castanea sativa), qui produit la véritable châtaigne comestible.

Ses cousins nord-américains, nommés paviers, ont des feuilles plus lisses et non dentelées, avec des fleurs qui rappellent celles du marronnier européen.

Le marronnier est très répandu dans les parcs publics et le long des avenues en Europe et Amérique du Nord.

L’espèce est considérée en France comme « vulnérable » par le comité français de l’Union internationale pour la conservation de la nature.', 50.666551, 4.623756, 'Marronnier commun', 1);
INSERT INTO devWeb_Project_Bdd.Points (idPoint, namePoint, descriptionPoint, latitudePoint, longitudePoint, vernaculairePoint, disponiblePoint) VALUES (51, 'Acer palmatum cv. dissectum "Filigree"', 'L’Érable palmé (Acer palmatum), ou Érable japonais lisse, est une espèce indigène en Chine, en Corée, au Japon et à Taiwan. Il appartient à la famille des Sapindaceae et à la section Palmata de la classification des érables. Cette espèce d’arbre est souvent plantée dans les jardins pour ses formes et ses couleurs variées. Son nom vernaculaire érable japonais lisse, provient de la forme caractéristique fortement découpée de ses feuilles et de l''origine géographique de sa classification par le naturaliste suédois, Carl Peter Thunberg lors d''un voyage au Japon.', 0, 0, 'Érable palmé cv. Dissectum "Filigree"', 0);
INSERT INTO devWeb_Project_Bdd.Points (idPoint, namePoint, descriptionPoint, latitudePoint, longitudePoint, vernaculairePoint, disponiblePoint) VALUES (52, 'Ailanthus glandulosa', 'L''Ailante glanduleux, Ailante ou Faux vernis du Japon ou Vernis de Chine (Ailanthus altissima) est une espèce d''arbres à feuilles caduques de la famille des Simaroubaceae. Il est natif à la fois du nord-est et du centre de la Chine et de Taïwan. Il est présent davantage dans la forêt tempérée que dans la forêt subtropicale d’Extrême-Orient. L''arbre pousse vite et est capable d''atteindre des hauteurs de 15 mètres en 25 ans. Cependant, l''espèce a également une durée de vie courte et vit rarement plus de 50 ans (il peut cependant poursuivre son existence bien au-delà grâce à son pouvoir drageonnant particulièrement développé).

Il est parfois appelé Faux Vernis du Japon, à cause de la ressemblance de ses feuilles avec le "vrai" Vernis du Japon :Toxicodendron vernicifluum.', 50.666396, 4.624387, 'Ailante glanduleux', 1);
INSERT INTO devWeb_Project_Bdd.Points (idPoint, namePoint, descriptionPoint, latitudePoint, longitudePoint, vernaculairePoint, disponiblePoint) VALUES (53, 'Tilia tomentosa', 'Le tilleul argenté (Tilia tomentosa), encore appelé Tilleul de Hongrie, est un arbre de la famille des Tiliaceae, ou des Malvaceae, sous-famille des Tilioideae, selon la classification phylogénétique. C''est une espèce originaire de l''est du bassin méditerranéen. Résistant bien à la pollution, il est souvent employé comme arbre d''alignement dans les villes.', 50.666339, 4.624095, 'Tilleul argenté', 1);
INSERT INTO devWeb_Project_Bdd.Points (idPoint, namePoint, descriptionPoint, latitudePoint, longitudePoint, vernaculairePoint, disponiblePoint) VALUES (54, 'Catalpa bignonioides', 'Catalpa bignonioides, également appelé Arbre aux haricots, Catalpa boule ou Catalpa commun, est un arbre assez commun de la famille des Bignoniaceae.', 50.666232, 4.62409, 'Arbre aux haricots', 1);
INSERT INTO devWeb_Project_Bdd.Points (idPoint, namePoint, descriptionPoint, latitudePoint, longitudePoint, vernaculairePoint, disponiblePoint) VALUES (55, 'Acer palmatum cv. dissectum', 'L’Érable palmé (Acer palmatum), ou Érable japonais lisse, est une espèce indigène en Chine, en Corée, au Japon et à Taiwan. Il appartient à la famille des Sapindaceae et à la section Palmata de la classification des érables. Cette espèce d’arbre est souvent plantée dans les jardins pour ses formes et ses couleurs variées. Son nom vernaculaire érable japonais lisse, provient de la forme caractéristique fortement découpée de ses feuilles et de l''origine géographique de sa classification par le naturaliste suédois, Carl Peter Thunberg lors d''un voyage au Japon.', 50.666129, 4.624005, 'Érable palmé cv. Dissectum', 1);
INSERT INTO devWeb_Project_Bdd.Points (idPoint, namePoint, descriptionPoint, latitudePoint, longitudePoint, vernaculairePoint, disponiblePoint) VALUES (56, 'Acer campestre', 'L''Érable champêtre (Acer campestre) est un arbre du genre Acer appartenant à la famille des Acéracées (Sapindaceae APG III). Il est classé dans la section Platanoidea de la classification des érables.', 50.666093, 4.624187, 'Érable champêtre', 1);
INSERT INTO devWeb_Project_Bdd.Points (idPoint, namePoint, descriptionPoint, latitudePoint, longitudePoint, vernaculairePoint, disponiblePoint) VALUES (57, 'Elaeagnus angustifolia', 'Elaeagnus angustifolia (olivier de Bohême, arbre d’argent, arbre du paradis, olinet, éléagne à feuilles étroites, chalef à feuilles étroites) est une espèce d''arbuste de la famille des Elaeagnaceae, largement répandu en Asie centrale et de l''ouest, au sud de la Russie, au Kazakhstan, en Turquie et en Iran. Ses fleurs parfumées, ses fruits comestibles et son aspect argenté lui ont valu d''être cultivé ailleurs dans le monde, mais cet Elaeagnus est devenu envahissant dans certains pays.', 50.666033, 4.624576, 'Olivier à feuilles étroites', 1);
INSERT INTO devWeb_Project_Bdd.Points (idPoint, namePoint, descriptionPoint, latitudePoint, longitudePoint, vernaculairePoint, disponiblePoint) VALUES (58, 'Cercidiphyllum japonicum', 'Cercidiphyllum japonicum est une espèce d''arbre à fleurs et à feuilles caduques de la famille des Cercidiphyllaceae.

Il est aussi appelé « Katsura » (カツラ,桂 en japonais) ou Arbre au caramel car il émet parfois un léger parfum de caramel lors de la chute de ses feuilles. Introduit du Japon en 1881.', 50.666274, 4.625281, 'Arbre au caramel', 1);
INSERT INTO devWeb_Project_Bdd.Points (idPoint, namePoint, descriptionPoint, latitudePoint, longitudePoint, vernaculairePoint, disponiblePoint) VALUES (59, 'Cornus mas', 'Le cornouiller mâle ou cornouiller sauvage (Cornus mas) est une espèce de cornouiller originaire du sud de l''Europe et de l''Asie.

L''espèce doit son nom latin (cornu = corne) au fait que son bois est dur comme la corne. On rencontre le cornouiller mâle plutôt dans l''est de l''Europe et au Proche-Orient. Il est relativement peu répandu en France. Il est commun dans le nord, l''est, supra-méditerranéen. Il est absent dans l''ouest.

Il est parfois appelé cornier ou fuselier. Largement utilisé par les Géorgiens, Azéris, Arméniens, Turcs et Iraniens on lui prête de nombreuses vertus. Les baies sont parfois consommées.', 50.665849, 4.625559, 'Cornouiller mâle', 1);
INSERT INTO devWeb_Project_Bdd.Points (idPoint, namePoint, descriptionPoint, latitudePoint, longitudePoint, vernaculairePoint, disponiblePoint) VALUES (60, 'Liriodendron tulipifera', 'Le tulipier de Virginie ou arbre aux lis est un arbre feuillu de la famille des Magnoliacées originaire du sud et de l''est des États-Unis.', 50.665058, 4.624835, 'Tulipier de Virginie', 1);
INSERT INTO devWeb_Project_Bdd.Points (idPoint, namePoint, descriptionPoint, latitudePoint, longitudePoint, vernaculairePoint, disponiblePoint) VALUES (61, 'Liriodendron tulipifera', 'Le tulipier de Virginie ou arbre aux lis est un arbre feuillu de la famille des Magnoliacées originaire du sud et de l''est des États-Uni', 50.665009, 4.62482, 'Tulipier de Virginie', 1);
INSERT INTO devWeb_Project_Bdd.Points (idPoint, namePoint, descriptionPoint, latitudePoint, longitudePoint, vernaculairePoint, disponiblePoint) VALUES (62, 'Liriodendron tulipifera', 'Le tulipier de Virginie ou arbre aux lis est un arbre feuillu de la famille des Magnoliacées originaire du sud et de l''est des États-Uni', 50.664961, 4.624807, 'Tulipier de Virginie', 1);
INSERT INTO devWeb_Project_Bdd.Points (idPoint, namePoint, descriptionPoint, latitudePoint, longitudePoint, vernaculairePoint, disponiblePoint) VALUES (63, 'Liriodendron tulipifera', 'Le tulipier de Virginie ou arbre aux lis est un arbre feuillu de la famille des Magnoliacées originaire du sud et de l''est des États-Uni', 50.66486, 4.624778, 'Tulipier de Virginie', 1);
INSERT INTO devWeb_Project_Bdd.Points (idPoint, namePoint, descriptionPoint, latitudePoint, longitudePoint, vernaculairePoint, disponiblePoint) VALUES (64, 'Liriodendron tulipifera', 'Le tulipier de Virginie ou arbre aux lis est un arbre feuillu de la famille des Magnoliacées originaire du sud et de l''est des États-Uni', 50.664732, 4.624698, 'Tulipier de Virginie', 1);
INSERT INTO devWeb_Project_Bdd.Points (idPoint, namePoint, descriptionPoint, latitudePoint, longitudePoint, vernaculairePoint, disponiblePoint) VALUES (65, 'Liriodendron tulipifera', 'Le tulipier de Virginie ou arbre aux lis est un arbre feuillu de la famille des Magnoliacées originaire du sud et de l''est des États-Uni', 50.66474, 4.624572, 'Tulipier de Virginie', 1);
INSERT INTO devWeb_Project_Bdd.Points (idPoint, namePoint, descriptionPoint, latitudePoint, longitudePoint, vernaculairePoint, disponiblePoint) VALUES (66, 'Liriodendron tulipifera', 'Le tulipier de Virginie ou arbre aux lis est un arbre feuillu de la famille des Magnoliacées originaire du sud et de l''est des États-Uni', 50.664767, 4.624459, 'Tulipier de Virginie', 1);
INSERT INTO devWeb_Project_Bdd.Points (idPoint, namePoint, descriptionPoint, latitudePoint, longitudePoint, vernaculairePoint, disponiblePoint) VALUES (67, 'Liriodendron tulipifera', 'Le tulipier de Virginie ou arbre aux lis est un arbre feuillu de la famille des Magnoliacées originaire du sud et de l''est des États-Uni', 50.664793, 4.624341, 'Tulipier de Virginie', 1);
INSERT INTO devWeb_Project_Bdd.Points (idPoint, namePoint, descriptionPoint, latitudePoint, longitudePoint, vernaculairePoint, disponiblePoint) VALUES (68, 'Liriodendron tulipifera', 'Le tulipier de Virginie ou arbre aux lis est un arbre feuillu de la famille des Magnoliacées originaire du sud et de l''est des États-Uni', 50.664807, 4.624226, 'Tulipier de Virginie', 1);
INSERT INTO devWeb_Project_Bdd.Points (idPoint, namePoint, descriptionPoint, latitudePoint, longitudePoint, vernaculairePoint, disponiblePoint) VALUES (69, 'Sequoidadendron giganteum', 'Le Séquoia géant (Sequoiadendron giganteum) est une espèce de conifères de la famille des Taxodiaceae (classification classique) ou des Cupressaceae (classification phylogénétique). Il est l''unique représentant actuel du genre Sequoiadendron.', 50.663229, 4.624373, 'Séquoia géant', 1);
INSERT INTO devWeb_Project_Bdd.Points (idPoint, namePoint, descriptionPoint, latitudePoint, longitudePoint, vernaculairePoint, disponiblePoint) VALUES (70, 'Populus x canescens - groupe', 'Le peuplier grisard (Populus ×canescens) est une espèce hybride résultant du croisement entre le peuplier blanc et le peuplier tremble. On l''appelle également blanc de Hollande, ypréau ou franc-picard. Il vit au bord des étangs, des marais.', 50.663229, 4.624249, 'Peuplier grisard - groupe', 1);
INSERT INTO devWeb_Project_Bdd.Points (idPoint, namePoint, descriptionPoint, latitudePoint, longitudePoint, vernaculairePoint, disponiblePoint) VALUES (71, 'Salix fragilis', 'Le Saule fragile ou Saule rouge (Salix fragilis) est un arbre de la famille des Salicaceae.', 50.6632, 4.624713, 'Saule fragile', 1);
INSERT INTO devWeb_Project_Bdd.Points (idPoint, namePoint, descriptionPoint, latitudePoint, longitudePoint, vernaculairePoint, disponiblePoint) VALUES (72, 'Quercus rubra', 'Le chêne rouge d''Amérique (Quercus rubra L., syn. Quercus borealis Duroi) est un arbre appartenant à la section des chênes rouges (Lobatae) du genre Quercus de la famille des Fagacées. Il s''agit de l''arbre symbole de l''État du New Jersey. L’espèce est sans doute apparue il y a 7 millions d''années, mais les plus anciennes traces certaines datent d''il y a 7,5 millions d''années.', 50.664635, 4.622026, 'Chêne rouge d''Amérique', 1);
INSERT INTO devWeb_Project_Bdd.Points (idPoint, namePoint, descriptionPoint, latitudePoint, longitudePoint, vernaculairePoint, disponiblePoint) VALUES (73, 'Acer pseudoplatanus', 'L’érable sycomore (Acer pseudoplatanus) est une espèce d''arbres de grande taille de la famille des acéracées fréquent en Europe. Il appartient à la section Acer de la classification des érables selon de Jong (1976).

Il s''agit d''un arbre à croissance rapide les premières années, et qui rejette facilement de souche quand il est coupé. L''érable sycomore ne doit pas être confondu avec l’espèce voisine Acer platanoides, l''érable plane ou érable platane dont le bout des feuilles est plus acéré. Selon l''ENGREF l''érable sycomore serait plus sensible à la maladie de la cime mais moins exigeant en lumière et moins xérophile que l''érable plane. On l''appelle parfois faux platane, grand érable, ou érable de montagne, plus rarement érable blanc.', 50.665491, 4.622261, 'Érable sycomore', 1);
INSERT INTO devWeb_Project_Bdd.Points (idPoint, namePoint, descriptionPoint, latitudePoint, longitudePoint, vernaculairePoint, disponiblePoint) VALUES (74, 'Fagus sylvatica cv. tortuosa', 'Le Hêtre tortillard (Fagus sylvatica groupe Tortuosa) est un hêtre caractérisé par un tronc tortueux et des branches et rameaux tordus et retombants qui lui donnent un port particulier comme un parasol. La croissance d''un hêtre tortillard est très lente.

« Hêtre » est un terme d''origine germanique (du francique *haister : Henriette Walter, "La majestueuse histoire du nom des arbres"). De nombreux noms locaux du hêtre sont quant à eux issus du mot latin fagus. Ainsi, on l''appelle, selon les régions : fau, fayard, fayaud, etc. (pluriels : des faux, des fayards, des fayauds, etc.).

En général un fau ne dépasse pas quatre à cinq mètres de haut. En été, il étale ses feuilles en un parasol très dense, pouvant aller jusqu''à former une sorte d''igloo de feuilles. En hiver, son architecture tourmentée se dévoile : troncs et branches tordus, coudés, torsadés, branches terminales retombant jusqu''au sol.

Ces arbres donnent ainsi leur nom, les faux de Verzy, au site touristique situé en France au nord-est de la montagne de Reims, au sud de Reims dans la Marne où l''on trouve la plus grande concentration mondiale de hêtres tortillards, estimée à environ un millier d''individus.

Il est l''une des principales essences constitutives des forêts tempérées caducifoliées d''Europe où on peut le trouver en peuplements exclusifs de hêtraies pures ou le plus souvent associé à d''autres espèces majeures dans des forêts feuillues, principalement avec le Chêne rouvre, ou dans des forêts mixtes avec le Sapin pectiné ou l''Épicéa commun.

C''est une essence bioindicatrice d''un climat tempéré humide. Les forestiers en pratiquent de longue date la sylviculture pour produire du bois de futaie principalement destiné à l''ameublement. Il est également utilisé comme source de bois de chauffage, surtout en zone de montagne.', 50.665684, 4.622636, 'Hêtre tortillard', 1);
INSERT INTO devWeb_Project_Bdd.Points (idPoint, namePoint, descriptionPoint, latitudePoint, longitudePoint, vernaculairePoint, disponiblePoint) VALUES (75, 'Acer saccharinum', 'L’Érable argenté ou Érable de Virginie (Acer saccharinum), ou Plaine blanche (Canada), est une espèce d''arbre de la famille des Acéracées.', 50.666101, 4.622867, 'Érable argenté', 1);
INSERT INTO devWeb_Project_Bdd.Points (idPoint, namePoint, descriptionPoint, latitudePoint, longitudePoint, vernaculairePoint, disponiblePoint) VALUES (76, 'Platanus x acerifolia ', 'Le platane commun ou platane à feuilles d''érable est une espèce hybride d''arbres de la famille des Platanaceae. C''est un hybride entre le platane d''Occident (Amérique du Nord) et le platane d''Orient (ouest de l''Asie, sud est de l''Europe), à fertilité très faible (seule une infime partie des graines peuvent germer), apparu au cours du xviiie siècle en Europe. Cette espèce est couramment utilisée comme arbre d''ornement et d''alignement le long des rues.', 50.666159, 4.623119, 'Platane à feuilles d''érable', 1);
INSERT INTO devWeb_Project_Bdd.Points (idPoint, namePoint, descriptionPoint, latitudePoint, longitudePoint, vernaculairePoint, disponiblePoint) VALUES (77, 'Ginkgo biloba', 'L’Arbre aux quarante écus, l’Abricotier d''argent, Ginkgo (Ginkgo biloba L., 1771) (银杏 yínxìng en chinois) est une espèce d''arbres et la seule représentante actuelle de la famille des Ginkgoaceae. C''est la seule espèce actuelle de la division des ginkgophyta. Elle est considérée comme une espèce panchroniquenote. C''est la plus ancienne famille d''arbres connue, puisqu''elle serait apparue il y a plus de 270 millions d''années. Elle existait déjà une quarantaine de millions d''années avant l''apparition des dinosaures.', 50.66614, 4.623378, 'Abricotier d''argent', 1);
INSERT INTO devWeb_Project_Bdd.Points (idPoint, namePoint, descriptionPoint, latitudePoint, longitudePoint, vernaculairePoint, disponiblePoint) VALUES (78, 'Quercus robur', 'Le chêne pédonculé (Quercus robur L., 1753) est une espèce d''arbres à feuillage caduc originaire des régions tempérées d''Europe, appartenant à la famille des Fagacées. Son fruit est porté par un long pédoncule.', 50.667785, 4.608924, 'Chêne pédonculé', 1);
INSERT INTO devWeb_Project_Bdd.Points (idPoint, namePoint, descriptionPoint, latitudePoint, longitudePoint, vernaculairePoint, disponiblePoint) VALUES (79, 'Alnus glutinosa', 'L’aulne glutineux, l’aulne noir, l’aulne poisseux (Alnus glutinosa), est un arbre feuillu de la famille des bétulacées, très présent dans la flore indigène de l''Europe (Scandinavie comprise). Il est parfois appelé vergne ou verne.', 50.667042, 4.608587, 'Aulne glutineux', 1);
INSERT INTO devWeb_Project_Bdd.Points (idPoint, namePoint, descriptionPoint, latitudePoint, longitudePoint, vernaculairePoint, disponiblePoint) VALUES (80, 'Salix caprea', 'Le Saule marsault ou Saule des chèvres, Salix caprea est une espèce d''arbre ou d''arbuste de la famille des Salicaceae.', 50.666823, 4.607237, 'Saule marsault', 1);
INSERT INTO devWeb_Project_Bdd.Points (idPoint, namePoint, descriptionPoint, latitudePoint, longitudePoint, vernaculairePoint, disponiblePoint) VALUES (81, 'Betula pendula', 'Le bouleau verruqueux ou bouleau blanc (Betula pendula, syn. B. verrucosa), ou encore bouleau d''Europe, mais aussi bouleau blanc d''Europe est un arbre pouvant atteindre 25 mètres de hauteur. Originaire d''Europe et d''Asie, c''est un arbre très rustique et qui a besoin de lumière. Il aime les sols secs à frais, siliceux de préférence. Les sols acides à alcalins ne le dérangent pas outre mesure. C''est une essence pionnière, colonisatrice et très adaptable. Il résiste parfaitement aux embruns. Il peut être isolé, en alignement, bosquet, etc.', 50.666826, 4.607159, 'Bouleau verruqueux', 1);
INSERT INTO devWeb_Project_Bdd.Points (idPoint, namePoint, descriptionPoint, latitudePoint, longitudePoint, vernaculairePoint, disponiblePoint) VALUES (82, 'Salix alba cv. tristis', 'Le Saule blanc, Saule commun, Saule argenté, Osier blanc, ou Saule Vivier (Salix alba L.), est un arbre de la famille des Salicacées. Cet arbre commun dans les régions tempérées est souvent cultivé en forme de « têtard » pour la production d''osier.', 50.666777, 4.606904, 'Saule blanc pleureur', 1);
INSERT INTO devWeb_Project_Bdd.Points (idPoint, namePoint, descriptionPoint, latitudePoint, longitudePoint, vernaculairePoint, disponiblePoint) VALUES (83, 'Juglans nigra', 'Le Noyer d''Amérique ou Noyer noir (Juglans nigra) est un grand arbre de la famille des Juglandacées, originaire d''Amérique du Nord, largement cultivé pour ses fruits, son bois et ses qualités ornementales. Il est introduit un peu partout dans le monde. Les deux pays européens qui comprennent les plus grandes superficies plantées en noyer noir sont la Hongrie et la Roumanie', 50.666687, 4.606679, 'Noyer noir', 1);
INSERT INTO devWeb_Project_Bdd.Points (idPoint, namePoint, descriptionPoint, latitudePoint, longitudePoint, vernaculairePoint, disponiblePoint) VALUES (84, 'Juglans regia', 'Le noyer commun ou noyer (Juglans regia L.), est un arbre assez commun, originaire d''Eurasie, cultivé pour son bois recherché en ébénisterie et ses fruits, les noix, riches en huile.

C''est le seul représentant en France de la famille des Juglandacées. Il est parfois appelé calottier, écalonnier, gojeutier ou noyer royal.', 50.666614, 4.60655, 'Noyer commun', 1);
INSERT INTO devWeb_Project_Bdd.Points (idPoint, namePoint, descriptionPoint, latitudePoint, longitudePoint, vernaculairePoint, disponiblePoint) VALUES (85, 'Salix cinerea', 'Le Saule cendré ou Saule gris (Salix cinerea) est un arbrisseau de la famille des Salicacées pouvant atteindre 6 mètres de haut.

Le Saule cendré est une espèce de Saule très commune en Europe.', 50.666605, 4.606381, 'Saule cendré', 1);
INSERT INTO devWeb_Project_Bdd.Points (idPoint, namePoint, descriptionPoint, latitudePoint, longitudePoint, vernaculairePoint, disponiblePoint) VALUES (86, 'Pterocarya fraxinifolia', 'Le Ptérocaryer du Caucase (Pterocarya fraxinifolia), aussi appelé Noyer du Caucase, est un arbre à feuilles caduques de la famille des Juglandaceae originaire des vallées du Caucase et de l''Elbourz.', 50.66651, 4.606298, 'Noyer du Caucase', 1);
INSERT INTO devWeb_Project_Bdd.Points (idPoint, namePoint, descriptionPoint, latitudePoint, longitudePoint, vernaculairePoint, disponiblePoint) VALUES (87, 'Liquidambar styraciflua', 'Le copalme d''Amérique ou Liquidambar (Liquidambar styraciflua) est une espèce d''arbres qui appartient maintenant à la famille des Altingiacées, auparavant classé dans la famille des Hamamelidacées.', 50.666289, 4.605941, 'Copalme d''Amérique', 1);
INSERT INTO devWeb_Project_Bdd.Points (idPoint, namePoint, descriptionPoint, latitudePoint, longitudePoint, vernaculairePoint, disponiblePoint) VALUES (88, 'Phellodendron amurense', 'Phellodendron amurense ou arbre au liège de l''Amour est une espèce d''arbres du genre Phellodendron.', 50.665898, 4.605847, 'Arbre au liège de l''Amour', 1);
INSERT INTO devWeb_Project_Bdd.Points (idPoint, namePoint, descriptionPoint, latitudePoint, longitudePoint, vernaculairePoint, disponiblePoint) VALUES (89, 'Euonymus europaeus', 'Le Fusain ou Fusain d''Europe (Euonymus europaeus) est un arbuste ou un petit arbre de la famille des Celastraceae.', 50.665957, 4.605914, 'Fusain d''Europe', 1);
INSERT INTO devWeb_Project_Bdd.Points (idPoint, namePoint, descriptionPoint, latitudePoint, longitudePoint, vernaculairePoint, disponiblePoint) VALUES (90, 'Acer platanoides cv. Crimson King', 'L''Érable plane (Acer platanoides L.) est un arbre de grande taille de la famille des Sapindaceae fréquent dans les régions montagneuses d''Europe. Il est parfois appelé Érable de Norvège, Iseron, Plane, Main-découpée, Plaine ou Faux Sycomore.

Son nom commun lui vient de la forte ressemblance des feuilles avec celles du platane. À ne pas confondre avec l''espèce voisine Acer pseudoplatanus, érable faux-platane ou sycomore lequel a une écorce formant des plaques se détachant du tronc chez l''arbre adulte.', 50.666155, 4.606133, 'Erable platane cv. Crimson King', 1);
INSERT INTO devWeb_Project_Bdd.Points (idPoint, namePoint, descriptionPoint, latitudePoint, longitudePoint, vernaculairePoint, disponiblePoint) VALUES (91, 'Acer platanoides cv. Crimson King', 'L''Érable plane (Acer platanoides L.) est un arbre de grande taille de la famille des Sapindaceae fréquent dans les régions montagneuses d''Europe. Il est parfois appelé Érable de Norvège, Iseron, Plane, Main-découpée, Plaine ou Faux Sycomore.

Son nom commun lui vient de la forte ressemblance des feuilles avec celles du platane. À ne pas confondre avec l''espèce voisine Acer pseudoplatanus, érable faux-platane ou sycomore lequel a une écorce formant des plaques se détachant du tronc chez l''arbre adulte.', 50.666094, 4.606195, 'Erable platane cv. Crimson King', 1);
INSERT INTO devWeb_Project_Bdd.Points (idPoint, namePoint, descriptionPoint, latitudePoint, longitudePoint, vernaculairePoint, disponiblePoint) VALUES (92, 'Acer platanoides cv. Crimson King', 'L''Érable plane (Acer platanoides L.) est un arbre de grande taille de la famille des Sapindaceae fréquent dans les régions montagneuses d''Europe. Il est parfois appelé Érable de Norvège, Iseron, Plane, Main-découpée, Plaine ou Faux Sycomore.

Son nom commun lui vient de la forte ressemblance des feuilles avec celles du platane. À ne pas confondre avec l''espèce voisine Acer pseudoplatanus, érable faux-platane ou sycomore lequel a une écorce formant des plaques se détachant du tronc chez l''arbre adulte.', 50.666094, 4.606294, 'Erable platane cv. Crimson King', 1);
INSERT INTO devWeb_Project_Bdd.Points (idPoint, namePoint, descriptionPoint, latitudePoint, longitudePoint, vernaculairePoint, disponiblePoint) VALUES (93, 'Catalpa bignonioides', 'Catalpa bignonioides, également appelé Arbre aux haricots, Catalpa boule ou Catalpa commun, est un arbre assez commun de la famille des Bignoniaceae.', 50.666072, 4.605031, 'Arbre aux haricots', 1);
INSERT INTO devWeb_Project_Bdd.Points (idPoint, namePoint, descriptionPoint, latitudePoint, longitudePoint, vernaculairePoint, disponiblePoint) VALUES (94, 'Carpinus betulus', 'Le Charme, ou Charme commun, Carpinus betulus, parfois appelé charmille, est un arbre de taille moyenne, à feuilles caduques et appartenant à la famille des Bétulacées. Il est assez répandu dans les forêts d''Europe centrale. C''est une essence forestière secondaire présente en taillis sous futaie.', 50.665683, 4.604349, 'Charme commun', 1);
INSERT INTO devWeb_Project_Bdd.Points (idPoint, namePoint, descriptionPoint, latitudePoint, longitudePoint, vernaculairePoint, disponiblePoint) VALUES (95, 'Carpinus betulus', 'Le Charme, ou Charme commun, Carpinus betulus, parfois appelé charmille, est un arbre de taille moyenne, à feuilles caduques et appartenant à la famille des Bétulacées. Il est assez répandu dans les forêts d''Europe centrale. C''est une essence forestière secondaire présente en taillis sous futaie.', 50.665627, 4.604242, 'Charme commun', 1);
INSERT INTO devWeb_Project_Bdd.Points (idPoint, namePoint, descriptionPoint, latitudePoint, longitudePoint, vernaculairePoint, disponiblePoint) VALUES (96, 'Carpinus betulus', 'Le Charme, ou Charme commun, Carpinus betulus, parfois appelé charmille, est un arbre de taille moyenne, à feuilles caduques et appartenant à la famille des Bétulacées. Il est assez répandu dans les forêts d''Europe centrale. C''est une essence forestière secondaire présente en taillis sous futaie.', 50.665627, 4.604242, 'Charme commun', 1);
INSERT INTO devWeb_Project_Bdd.Points (idPoint, namePoint, descriptionPoint, latitudePoint, longitudePoint, vernaculairePoint, disponiblePoint) VALUES (97, 'Viburnum opulus', 'La viorne obier (Viburnum opulus) est un arbuste à feuilles caduques et palmées, appartenant à la famille des Adoxacées.', 50.664578, 4.604343, 'Viorne obier', 1);
INSERT INTO devWeb_Project_Bdd.Points (idPoint, namePoint, descriptionPoint, latitudePoint, longitudePoint, vernaculairePoint, disponiblePoint) VALUES (98, 'Pterocarya fraxinifolia', 'Le Ptérocaryer du Caucase (Pterocarya fraxinifolia), aussi appelé Noyer du Caucase, est un arbre à feuilles caduques de la famille des Juglandaceae originaire des vallées du Caucase et de l''Elbourz.', 50.663832, 4.604421, 'Noyer du Caucase', 1);
INSERT INTO devWeb_Project_Bdd.Points (idPoint, namePoint, descriptionPoint, latitudePoint, longitudePoint, vernaculairePoint, disponiblePoint) VALUES (99, 'Tilia americana', 'Le Tilleul d''Amérique (Tilia americana L.) est une espèce de feuillu de la famille des Tilleuls (famille des Tiliacées), originaire de l''est de l''Amérique du Nord.', 50.663825, 4.604182, 'Tilleul d''Amérique', 1);
INSERT INTO devWeb_Project_Bdd.Points (idPoint, namePoint, descriptionPoint, latitudePoint, longitudePoint, vernaculairePoint, disponiblePoint) VALUES (100, 'Acer rufinerve cv. limbatum', 'Acer rufinerve aussi connu sous les noms d‘Érable à feuilles de vigne, Érable rufinerve, Érable oriental à bourgeons gris, Érable à écorce striée, Érable jaspé de gris ou Érable à peau de serpent est une espèce d’arbre du genre des érables. Originaire des forêts des montagnes du Japon, elle est cultivée dans d''autres régions du monde pour l''ornement.

Cette espèce s''est naturalisée dans certaines régions d''Europe, et est parfois considérée comme invasive comme en Belgique.', 50.6639, 4.604077, 'Érable à feuilles de vigne cv. limbatum', 1);
INSERT INTO devWeb_Project_Bdd.Points (idPoint, namePoint, descriptionPoint, latitudePoint, longitudePoint, vernaculairePoint, disponiblePoint) VALUES (101, 'Alnus x spaethii (japonica x subcordata)', 'L’aulne de Spaeth (Alnus × spaethii) est un arbre de la famille des Betulaceae. C''est un aulne ornemental hybride, issu du croisement d’Alnus subcordata et d’Alnus japonica, obtenu à Berlin en 1908.', 50.663937, 4.603932, 'Aulne de Spaeth', 1);
INSERT INTO devWeb_Project_Bdd.Points (idPoint, namePoint, descriptionPoint, latitudePoint, longitudePoint, vernaculairePoint, disponiblePoint) VALUES (102, 'Prunus avium', 'Le merisier ou cerisier des oiseaux (Prunus avium) est un arbre originaire d''Europe, d''Asie de l''ouest et d''Afrique du nord (Paléarctique occidental) appartenant au genre Prunus de la famille des Rosaceae. Il est parfois appelé cerisier sauvage ou cerisier des bois.

Avec le cerisier acide (Prunus cerasus), c''est l''une des deux espèces de cerisiers sauvages à l''origine des variétés actuellement cultivées. Sa forme domestiquée est connue sous le nom générique de cerisier doux, divisé en guignier (guignes à chair molle, juteuse, légèrement acidulée) et bigarreautier (bigarreaux à chair ferme, sucrée et dont il existe une multitude de variétés telles que burlat, marmotte, napoléon, reverchon, hedelfingen, etc.).

Merisier à grappes est un autre nom du putiet, ou putier (Prunus padus).', 50.663918, 4.60387, 'Merisier', 1);
INSERT INTO devWeb_Project_Bdd.Points (idPoint, namePoint, descriptionPoint, latitudePoint, longitudePoint, vernaculairePoint, disponiblePoint) VALUES (103, 'Quercus velutina', 'Quercus velutina, le chêne noir, chêne des teinturiers ou Quercitron, est un chêne appartenant à la section des chênes rouges (Quercus sect. Lobatae), dans la famille des Fagaceae.', 50.664078, 4.603875, 'Chêne noir', 1);
INSERT INTO devWeb_Project_Bdd.Points (idPoint, namePoint, descriptionPoint, latitudePoint, longitudePoint, vernaculairePoint, disponiblePoint) VALUES (104, 'Quercus palustris', 'Le Chêne des marais ou Chêne à épingles (Quercus palustris) est un arbre de la famille des Fagaceae originaire de l''Est des États-Unis d''Amérique et du Canada.

Il appartient à la section Erythrobalanus de la classification des chênes.

Le nom spécifique palustris provient du mot latin signifiant « marais ».', 50.664037, 4.603781, 'Chêne des marais', 1);
INSERT INTO devWeb_Project_Bdd.Points (idPoint, namePoint, descriptionPoint, latitudePoint, longitudePoint, vernaculairePoint, disponiblePoint) VALUES (105, 'Acer davidii', 'L''érable du Père David est une espèce d''érable appartenant à la section Macrantha de la classification des érables. Originaire de Chine, il appartient aussi à la catégorie des érables à peau de serpent.

Il a été nommé ainsi en l''honneur d''un missionnaire, le père David, qui envoyait de Chine vers Paris des espèces botaniques nouvelles à Franchet.

L''Acer davidii ssp. grosseri aussi appelé « érable jaspé de Chine » est une sous-espèce importante.

Cet arbre a une hauteur maximale de 10 à 15 m, avec un tronc d''un diamètre maximum de 40 cm, souvent moins. Il a tendance à avoir plusieurs troncs.', 50.664073, 4.60369, 'Erable du Père David', 1);
INSERT INTO devWeb_Project_Bdd.Points (idPoint, namePoint, descriptionPoint, latitudePoint, longitudePoint, vernaculairePoint, disponiblePoint) VALUES (106, 'Sorbus torminalis', 'L''Alisier torminal, Alisier des bois ou Sorbier torminal (Sorbus torminalis L. Crantz) est un arbre originaire d''Europe, d''Afrique du Nord et d''Asie Mineure, appartenant au genre des sorbiers, à la famille des Rosacées et à la sous-famille des Maloideae.', 50.664182, 4.603749, 'Alisier torminal', 1);
INSERT INTO devWeb_Project_Bdd.Points (idPoint, namePoint, descriptionPoint, latitudePoint, longitudePoint, vernaculairePoint, disponiblePoint) VALUES (107, 'Quercus x rosacea (Q.petraea x Q.robur)', 'Quercus x rosacea est une espèce hybride de chêne d''origine naturelle originaire d''Europe et peut-être d''Anatolie. C''est une progéniture naturelle de chêne sessile, Quercus petraea, et de chêne commun, Quercus robur, trouvée là où leurs aires de répartition se chevauchent. En tant qu''hybrides, ils sont morphologiquement variables, mais en général leurs traits semblent intermédiaires à ceux des parents. Une mince section d''un spécimen de Q. × rosacea a été utilisée par l''artiste en résidence Tania Kovats pour créer une œuvre monumentale appelée TREE pour le plafond de la mezzanine du Natural History Museum de Londres à l''occasion du bicentenaire de la naissance de Charles Darwin.', 50.664122, 4.603599, 'Chêne hybride', 1);
INSERT INTO devWeb_Project_Bdd.Points (idPoint, namePoint, descriptionPoint, latitudePoint, longitudePoint, vernaculairePoint, disponiblePoint) VALUES (108, 'Ulmus x hollandica cv. Klemmer', ' Ulmus x hollandica, souvent connu simplement sous le nom d''orme hollandais, est un hybride naturel entre l''orme wych Ulmus glabra et l''orme champêtre (Ulmus minor) qui se rencontre couramment en Europe partout où les aires de répartition des espèces parentes se chevauchent. En Angleterre, selon les études sur le terrain de RH Richens, "La plus grande zone d''hybridation est une bande s''étendant à travers l''Essex de la frontière du Hertfordshire au sud du Suffolk. La deuxième plus grande se trouve dans le nord du Bedfordshire et les parties adjacentes du Northamptonshire Des zones comparables existent en Picardie et dans le Cotentin dans le nord de la France ".

Des hybrides Ulmus × hollandica, naturels et artificiels, ont été largement plantés ailleurs. ', 50.664234, 4.603492, 'Orme hollandais cv. Klemmer', 1);
INSERT INTO devWeb_Project_Bdd.Points (idPoint, namePoint, descriptionPoint, latitudePoint, longitudePoint, vernaculairePoint, disponiblePoint) VALUES (109, 'Salix alba', 'Le Saule blanc, Saule commun, Saule argenté, Osier blanc, ou Saule Vivier (Salix alba L.), est un arbre de la famille des Salicacées. Cet arbre commun dans les régions tempérées est souvent cultivé en forme de « têtard » pour la production d''osier.', 50.664554, 4.603251, 'Saule blanc', 1);
INSERT INTO devWeb_Project_Bdd.Points (idPoint, namePoint, descriptionPoint, latitudePoint, longitudePoint, vernaculairePoint, disponiblePoint) VALUES (110, 'Alnus x spaethii (japonica x subcordata)', 'L’aulne de Spaeth (Alnus × spaethii) est un arbre de la famille des Betulaceae. C''est un aulne ornemental hybride, issu du croisement d’Alnus subcordata et d’Alnus japonica, obtenu à Berlin en 1908.', 50.665156, 4.602806, 'Aulne de Spaeth', 1);
INSERT INTO devWeb_Project_Bdd.Points (idPoint, namePoint, descriptionPoint, latitudePoint, longitudePoint, vernaculairePoint, disponiblePoint) VALUES (111, 'Cornus alba cv. Sibirica', 'Cornus alba, le cornouiller blanc ou cornouiller de Tartarie, se présente sous la forme d''un grand buisson ou d''un arbuste. Il appartient à la famille des Cornaceae. Ses fleurs blanches apparaissent de fin mai à fin juillet.', 50.665379, 4.602586, 'Cornouiller blanc cv. Sibirica', 1);
INSERT INTO devWeb_Project_Bdd.Points (idPoint, namePoint, descriptionPoint, latitudePoint, longitudePoint, vernaculairePoint, disponiblePoint) VALUES (112, 'Quercus alba', 'Le chêne blanc ou chêne blanc d''Amérique (Quercus alba) est une espèce de chêne mesurant en général une trentaine de mètres, le plus grand connu atteint les 44 mètres de hauteur. Certains spécimens vivent plus de 500 ans. On le trouve principalement en Amérique du Nord dans un climat continental humide. Cet arbre a presque disparu du Québec à cause de sa surexploitation passée, et de la perte de son habitat. Son bois a été utilisé pour la construction maritime, et peut prendre une flexion de 90 degrés. Le bois du chêne à gros fruits, aux propriétés semblables, est utilisé aux mêmes fins.', 50.666237, 4.602972, 'Chêne blanc', 1);
INSERT INTO devWeb_Project_Bdd.Points (idPoint, namePoint, descriptionPoint, latitudePoint, longitudePoint, vernaculairePoint, disponiblePoint) VALUES (113, 'Quercus palustris', 'Le Chêne des marais ou Chêne à épingles (Quercus palustris) est un arbre de la famille des Fagaceae originaire de l''Est des États-Unis d''Amérique et du Canada.

Il appartient à la section Erythrobalanus de la classification des chênes.

Le nom spécifique palustris provient du mot latin signifiant « marais ».', 50.666315, 4.603031, 'Chêne des marais', 1);
INSERT INTO devWeb_Project_Bdd.Points (idPoint, namePoint, descriptionPoint, latitudePoint, longitudePoint, vernaculairePoint, disponiblePoint) VALUES (114, 'Acer opalus', 'L''érable à feuilles d''obier, érable d''Italie ou érable Duret ou ayard (Acer opalus) est un arbre de taille moyenne (ne dépassant généralement pas 8 mètres de hauteur) de la famille des Acéracées selon la classification classique, ou de la famille des Sapindacées (à laquelle appartiennent dorénavant les Acéracées) selon la classification phylogénétique.

Il est parfois confondu avec un autre érable (l''Érable sycomore), mais se distingue de ce dernier par son habitat.

Habitat et répartition géographique.', 50.666521, 4.603431, 'Érable à feuilles d''obier', 1);
INSERT INTO devWeb_Project_Bdd.Points (idPoint, namePoint, descriptionPoint, latitudePoint, longitudePoint, vernaculairePoint, disponiblePoint) VALUES (115, 'Thuja plicata', 'Le Thuya géant (Thuja plicata) aussi appelé Cèdre rouge de l’Ouest et parfois Thuya de Lobb, est une espèce de conifère sempervirent de la famille des Cupressaceae originaire du nord-ouest de l''Amérique du Nord.

Cet arbre de grande dimension est une essence forestière importante pour la production de bois aux États-Unis et au Canada. C''est aussi un arbre d''ornement très cultivé dans les régions tempérées du monde, notamment en Europe dans les jardins sous forme de haies taillées ou non. Son bois est généralement vendu sous son nom anglo-saxon de Western red cedar.', 50.667102, 4.604161, 'Thuya géant', 1);
INSERT INTO devWeb_Project_Bdd.Points (idPoint, namePoint, descriptionPoint, latitudePoint, longitudePoint, vernaculairePoint, disponiblePoint) VALUES (116, 'Larix Kaempferi', 'Le mélèze du Japon (Larix kaempferi) est une espèce d''arbre résineux du genre Larix et de la famille des Pinaceae.

Originaire du Japon, ce mélèze vient plus particulièrement de l''île de Honshū où il pousse à des altitudes de 1 300 à 2 900 mètres. L''arbre fut introduit en Europe en 1861 et on le cultive plutôt dans les régions littorales. Dans ses premières années, il pousse plus vite que le mélèze d''Europe. En France, il se trouve à 1 860 mètres d''altitude, plus particulièrement dans les zones de climat océanique ou dans les parcs d''ornement. Par croisement avec le mélèze d''Europe, on obtient l''hybride Larix × marschlinsii Coaz.

Le mélèze du Japon se distingue de la version européenne par de fortes branches horizontales, une écorce fine et des rameaux de couleur bronze. Longs de 20 à 35 mm, les cônes sont arrondis. Les bords des écailles du cônes sont recourbés.', 50.667427, 4.604102, 'Mélèze du Japon', 1);
INSERT INTO devWeb_Project_Bdd.Points (idPoint, namePoint, descriptionPoint, latitudePoint, longitudePoint, vernaculairePoint, disponiblePoint) VALUES (117, 'Quercus robur', 'Le chêne pédonculé (Quercus robur L., 1753) est une espèce d''arbres à feuillage caduc originaire des régions tempérées d''Europe, appartenant à la famille des Fagacées. Son fruit est porté par un long pédoncule.', 50.667915, 4.604196, 'Chêne pédonculé', 1);
INSERT INTO devWeb_Project_Bdd.Points (idPoint, namePoint, descriptionPoint, latitudePoint, longitudePoint, vernaculairePoint, disponiblePoint) VALUES (118, 'Castanea sativa', 'Le châtaignier commun (Castanea sativa Mill.) est un arbre à feuillage caduc de la famille des fagacées. Il produit des fruits : les châtaignes. Lorsqu''il est en nombre sur un territoire délimité, il forme une châtaigneraie.

Le châtaignier fut surnommé dans certaines régions de la Méditerranée « arbre à pain » ou « pain des pauvres » car ses fruits y remplaçaient les céréales en période de disette.', 50.667857, 4.603807, 'Châtaignier commun', 1);
INSERT INTO devWeb_Project_Bdd.Points (idPoint, namePoint, descriptionPoint, latitudePoint, longitudePoint, vernaculairePoint, disponiblePoint) VALUES (119, 'Robinia pseudoacacia', '''Le robinier faux-acacia ou acacia (Robinia pseudoacacia) est une espèce de la famille des Fabacées (légumineuses de la sous-famille des Viciaceae). Cet arbre présente des fleurs zygomorphes caractéristiques chez les Fabacées. Ses fruits sont des gousses ressemblant à un haricot plat avec des graines à l''intérieur.', 50.66794, 4.603729, 'Robinier faux-acacia', 1);
INSERT INTO devWeb_Project_Bdd.Points (idPoint, namePoint, descriptionPoint, latitudePoint, longitudePoint, vernaculairePoint, disponiblePoint) VALUES (120, 'Salix viminalis', 'Le saule des vanniers, appelé aussi vime ou osier vert (Salix viminalis), est un saule d''une hauteur de 3 à 6 m. Il tire son nom de l''utilisation de ses rameaux souples en vannerie sous le nom d''osier. D''autres variétés de saule sont également utilisées en vannerie, comme le saule pourpre ou le saule blanc.', 50.667, 4.605003, 'Saule des vanniers', 1);
INSERT INTO devWeb_Project_Bdd.Points (idPoint, namePoint, descriptionPoint, latitudePoint, longitudePoint, vernaculairePoint, disponiblePoint) VALUES (121, 'Alnus cordata', 'L''Aulne de Corse, Aulne cordé, ou Aulne à feuilles en cœur (Alnus cordata), parfois appelé Aulne d''Italie ou Aulne cordiforme est un arbre feuillu de la famille des Bétulacées, originaire du Sud de l''Europe (Italie, Corse).', 50.667238, 4.605497, 'Aulne de Corse', 1);
INSERT INTO devWeb_Project_Bdd.Points (idPoint, namePoint, descriptionPoint, latitudePoint, longitudePoint, vernaculairePoint, disponiblePoint) VALUES (122, 'Salix alba', 'Le Saule blanc, Saule commun, Saule argenté, Osier blanc, ou Saule Vivier (Salix alba L.), est un arbre de la famille des Salicacées. Cet arbre commun dans les régions tempérées est souvent cultivé en forme de « têtard » pour la production d''osier.', 50.667269, 4.60563, 'Saule blanc', 1);
INSERT INTO devWeb_Project_Bdd.Points (idPoint, namePoint, descriptionPoint, latitudePoint, longitudePoint, vernaculairePoint, disponiblePoint) VALUES (123, 'Acer saccharinum', 'L’Érable argenté ou Érable de Virginie (Acer saccharinum), ou Plaine blanche (Canada), est une espèce d''arbre de la famille des Acéracées.', 50.667441, 4.60566, 'Érable argenté', 1);
INSERT INTO devWeb_Project_Bdd.Points (idPoint, namePoint, descriptionPoint, latitudePoint, longitudePoint, vernaculairePoint, disponiblePoint) VALUES (124, 'Ulmus carpinifolia', 'L''orme à feuilles de charme est un arbre de la famille des Ulmacées. Principal prédateur : la graphiose de larme , c''est un insecte qui creuse sous le bois des galeries, ramenant ainsi une maladie', 50.667536, 4.605993, 'Orme à feuilles de charme', 1);
INSERT INTO devWeb_Project_Bdd.Points (idPoint, namePoint, descriptionPoint, latitudePoint, longitudePoint, vernaculairePoint, disponiblePoint) VALUES (125, 'Acer pseudoplatanus', 'L’érable sycomore (Acer pseudoplatanus) est une espèce d''arbres de grande taille de la famille des acéracées fréquent en Europe. Il appartient à la section Acer de la classification des érables selon de Jong (1976).

Il s''agit d''un arbre à croissance rapide les premières années, et qui rejette facilement de souche quand il est coupé. L''érable sycomore ne doit pas être confondu avec l’espèce voisine Acer platanoides, l''érable plane ou érable platane dont le bout des feuilles est plus acéré. Selon l''ENGREF l''érable sycomore serait plus sensible à la maladie de la cime mais moins exigeant en lumière et moins xérophile que l''érable plane. On l''appelle parfois faux platane, grand érable, ou érable de montagne, plus rarement érable blanc.', 50.665497, 4.618037, 'Érable sycomore', 1);
INSERT INTO devWeb_Project_Bdd.Points (idPoint, namePoint, descriptionPoint, latitudePoint, longitudePoint, vernaculairePoint, disponiblePoint) VALUES (126, 'Gleditsia triacanthos cv. Elegantissima', 'Gleditsia triacanthos, le févier d''Amérique, est une espèce de plantes dicotylédones de la famille des Fabaceae (légumineuses), sous-famille des Caesalpinioideae, originaire de l''est de l’Amérique du Nord. Ce sont des arbres de grande taille, épineux, à feuilles caduques.', 50.665397, 4.618177, 'Février d''Amérique cv. Elegantissima', 1);
INSERT INTO devWeb_Project_Bdd.Points (idPoint, namePoint, descriptionPoint, latitudePoint, longitudePoint, vernaculairePoint, disponiblePoint) VALUES (127, 'Aesculus parviflora', 'Aesculus parviflora (Pavier blanc ou Marronnier nain) est un marronnier ornemental originaire d''Amérique, de la famille des Sapindacées.', 50.665527, 4.618634, 'Marronnier nain', 1);
INSERT INTO devWeb_Project_Bdd.Points (idPoint, namePoint, descriptionPoint, latitudePoint, longitudePoint, vernaculairePoint, disponiblePoint) VALUES (128, 'Sequoiadendron giganteum cv. pygmaeum', 'Le Séquoia géant (Sequoiadendron giganteum) est une espèce de conifères de la famille des Taxodiaceae (classification classique) ou des Cupressaceae (classification phylogénétique). Il est l''unique représentant actuel du genre Sequoiadendron. Pygmaeum désigne un cultivar de cette espèce type, de forme naine.', 50.66552, 4.618776, 'Séquoia géant cv. pygmaeum', 1);
INSERT INTO devWeb_Project_Bdd.Points (idPoint, namePoint, descriptionPoint, latitudePoint, longitudePoint, vernaculairePoint, disponiblePoint) VALUES (129, 'Carpinus betulus', 'Le Charme, ou Charme commun, Carpinus betulus, parfois appelé charmille, est un arbre de taille moyenne, à feuilles caduques et appartenant à la famille des Bétulacées. Il est assez répandu dans les forêts d''Europe centrale. C''est une essence forestière secondaire présente en taillis sous futaie.', 50.66534, 4.61881, 'Charme commun', 1);
INSERT INTO devWeb_Project_Bdd.Points (idPoint, namePoint, descriptionPoint, latitudePoint, longitudePoint, vernaculairePoint, disponiblePoint) VALUES (130, 'Pseudotsuga menziesii  Var. menziesii Franco', 'Pseudotsuga menziesii est une espèce de conifère de la famille des Pinaceae, originaire de l''ouest de l''Amérique du Nord. En français on l’appelle douglas vert ou sapin de Douglas (bien qu''il ne s''agit pas d''un vrai sapin car il n''appartient pas au genre Abies), mais aussi pin d''Orégon et douglas de Menzies.

C''est un arbre à croissance rapide qui peut atteindre de très grandes dimensions, et son bois possède de très bonnes qualités techniques. Le bois d’œuvre est surtout utilisé en construction extérieure et intérieure, mais aussi pour la décoration. C''est l''une des essences les plus importantes pour l''exploitation forestière et l''industrie du bois en Amérique du Nord. Il prend aussi de l''importance aujourd''hui en Europe.', 50.665338, 4.618701, 'Sapin de Douglas Var. Menziesii Franco', 1);
INSERT INTO devWeb_Project_Bdd.Points (idPoint, namePoint, descriptionPoint, latitudePoint, longitudePoint, vernaculairePoint, disponiblePoint) VALUES (131, 'Lindera benzoin', 'Lindera benzoin est un arbuste de la famille des Lauracées originaire d''Amérique du Nord.', 50.665235, 4.618481, 'Lindera benzoin', 1);
INSERT INTO devWeb_Project_Bdd.Points (idPoint, namePoint, descriptionPoint, latitudePoint, longitudePoint, vernaculairePoint, disponiblePoint) VALUES (132, 'Salix alba', 'Le Saule blanc, Saule commun, Saule argenté, Osier blanc, ou Saule Vivier (Salix alba L.), est un arbre de la famille des Salicacées. Cet arbre commun dans les régions tempérées est souvent cultivé en forme de « têtard » pour la production d''osier.', 50.665242, 4.618378, 'Saule blanc', 1);
INSERT INTO devWeb_Project_Bdd.Points (idPoint, namePoint, descriptionPoint, latitudePoint, longitudePoint, vernaculairePoint, disponiblePoint) VALUES (133, 'Metasequoia glyptostroboides', 'Metasequoia glyptostroboides, aussi appelé « sapin d''eau », est une espèce de grand arbre de la famille des Taxodiaceae, ou des Cupressaceae selon la classification phylogénétique. Il est originaire de Chine où il a été découvert en 1943. C''est l''unique espèce vivante du genre Metasequoia dont l''origine remonte au Pliocène et à ce titre est considéré comme une forme panchronique.', 50.665361, 4.618394, 'Sapin d''eau', 1);
INSERT INTO devWeb_Project_Bdd.Points (idPoint, namePoint, descriptionPoint, latitudePoint, longitudePoint, vernaculairePoint, disponiblePoint) VALUES (134, 'Pinus nigra ssp. Laricio Poiret', 'Le Pin noir (Pinus nigra) est une espèce de pin présentant de nombreuses variétés et que l''on trouve en Europe méridionale, de l''Espagne à la Crimée, en Asie Mineure, à Chypre et, localement, dans les montagnes de l''Atlas en Afrique du Nord-Ouest.', 50.665296, 4.618306, 'Pin noir ssp. Laricio Poiret', 1);
INSERT INTO devWeb_Project_Bdd.Points (idPoint, namePoint, descriptionPoint, latitudePoint, longitudePoint, vernaculairePoint, disponiblePoint) VALUES (135, 'Taxus baccata', 'L’if commun (ou if à baies), (Taxus baccata), est une espèce de conifères non résineux de la famille des Taxaceae. Très longévif, poussant lentement, c’est un arbre qui se prête bien à la taille. Il est parfois appelé if à baies.', 50.66526, 4.618207, 'If commun', 1);
INSERT INTO devWeb_Project_Bdd.Points (idPoint, namePoint, descriptionPoint, latitudePoint, longitudePoint, vernaculairePoint, disponiblePoint) VALUES (136, 'Abies grandis', 'Le Sapin de Vancouver ou Sapin géant (Abies grandis) est une espèce d’arbre de la famille des Pinaceae. C''est un sapin originaire d''Amérique du Nord (Oregon, Washington et Colombie-Britannique). Celui-ci a été introduit en Europe en 1831.', 50.665127, 4.618085, 'La sapin de Vancouver', 1);
INSERT INTO devWeb_Project_Bdd.Points (idPoint, namePoint, descriptionPoint, latitudePoint, longitudePoint, vernaculairePoint, disponiblePoint) VALUES (137, 'Nyssa sylvatica', 'Nyssa sylvatica, communément appelé tupelo, tupelo noir, gomme noire, gommier noir ou gomme aigre1, est un arbre à feuilles caduques de taille moyenne originaire de l''est de l''Amérique du Nord, du nord-est côtier des États-Unis et du sud de l''Ontario jusqu''au centre de la Floride et de l''est du Texas, ainsi qu''au Mexique.', 50.665063, 4.618044, 'Tupelo', 1);
INSERT INTO devWeb_Project_Bdd.Points (idPoint, namePoint, descriptionPoint, latitudePoint, longitudePoint, vernaculairePoint, disponiblePoint) VALUES (138, 'Acer negundo', 'L''Érable negundo ou Érable négondo (Acer negundo) est une espèce végétale de la famille des Aceraceae. Cet érable d’une dizaine de mètres de hauteur est originaire de l’est de l''Amérique du Nord. On l''appelle aussi Érable à giguère, peut-être par déformation du nom « érable argilière » qu''utilisaient les Français de l''Illinois, en 1814. Il est appelé parfois Érable à feuilles de frêne ou Érable américain. Cette essence peu intéressante pour son bois a été introduite sur d''autres continents en tant qu''arbre d''ornement pour les parcs et jardins. Elle s''est révélée être localement envahissante.', 50.665274, 4.617937, 'Érable negundo', 1);
INSERT INTO devWeb_Project_Bdd.Points (idPoint, namePoint, descriptionPoint, latitudePoint, longitudePoint, vernaculairePoint, disponiblePoint) VALUES (139, 'Quercus robur', 'Le chêne pédonculé (Quercus robur L., 1753) est une espèce d''arbres à feuillage caduc originaire des régions tempérées d''Europe, appartenant à la famille des Fagacées. Son fruit est porté par un long pédoncule.', 50.665368, 4.617868, 'Chêne pédonculé', 1);
INSERT INTO devWeb_Project_Bdd.Points (idPoint, namePoint, descriptionPoint, latitudePoint, longitudePoint, vernaculairePoint, disponiblePoint) VALUES (140, 'Cedrus libani', 'Le Cèdre du Liban (Cedrus libani), parfois appelé Cèdre du mont Liban, est une espèce d''arbres conifères de la famille des Pinaceae. La grande caractéristique du cèdre du Liban provient de son port conique durant ses trente premières années, devenant tabulaire par la suite.', 50.665509, 4.617896, 'Cèdre du Liban', 1);
INSERT INTO devWeb_Project_Bdd.Points (idPoint, namePoint, descriptionPoint, latitudePoint, longitudePoint, vernaculairePoint, disponiblePoint) VALUES (141, 'Acer pseudoplatanus cv. Leopoldii', 'L’érable sycomore (Acer pseudoplatanus) est une espèce d''arbres de grande taille de la famille des acéracées fréquent en Europe. Il appartient à la section Acer de la classification des érables selon de Jong (1976).

Il s''agit d''un arbre à croissance rapide les premières années, et qui rejette facilement de souche quand il est coupé. L''érable sycomore ne doit pas être confondu avec l’espèce voisine Acer platanoides, l''érable plane ou érable platane dont le bout des feuilles est plus acéré. Selon l''ENGREF l''érable sycomore serait plus sensible à la maladie de la cime mais moins exigeant en lumière et moins xérophile que l''érable plane. On l''appelle parfois faux platane, grand érable, ou érable de montagne, plus rarement érable blanc.', 50.665639, 4.617097, 'Érable sycomore cv. Leopoldii', 1);
INSERT INTO devWeb_Project_Bdd.Points (idPoint, namePoint, descriptionPoint, latitudePoint, longitudePoint, vernaculairePoint, disponiblePoint) VALUES (142, 'Fraxinus longicuspis', 'Le frêne, arbre du genre Fraxinus, appartient à la famille des Oléacées ; une soixantaine d''espèces de frênes sont connues, elles vivent essentiellement dans les forêts tempérées. Caractérisées par des feuilles composées pennées, elles sont reconnaissables à leurs grappes de samares simples surnommées localement « langues d''oiseau ».

La frênaie est une forêt de frênes ou riche en frênes.', 50.665721, 4.616961, 'Frêne japonais', 1);
INSERT INTO devWeb_Project_Bdd.Points (idPoint, namePoint, descriptionPoint, latitudePoint, longitudePoint, vernaculairePoint, disponiblePoint) VALUES (143, 'Sorbus aria', 'L''Alisier blanc, Alisier de Bourgogne, Alouchier ou Sorbier des Alpes (Sorbus aria) est un arbre de la famille des Rosacées originaire du sud de l''Europe.', 50.665373, 4.616291, 'Sorbier blanc', 1);
INSERT INTO devWeb_Project_Bdd.Points (idPoint, namePoint, descriptionPoint, latitudePoint, longitudePoint, vernaculairePoint, disponiblePoint) VALUES (144, 'Sorbus aria', 'L''Alisier blanc, Alisier de Bourgogne, Alouchier ou Sorbier des Alpes (Sorbus aria) est un arbre de la famille des Rosacées originaire du sud de l''Europe.', 50.665448, 4.616243, 'Sorbier blanc', 1);
INSERT INTO devWeb_Project_Bdd.Points (idPoint, namePoint, descriptionPoint, latitudePoint, longitudePoint, vernaculairePoint, disponiblePoint) VALUES (145, 'Populus x interamericana UNAL', 'Les peupliers sont des arbres du genre Populus de la famille des Salicacées.', 50.664329, 4.615746, 'Peuplier interaméricain Unal', 1);
INSERT INTO devWeb_Project_Bdd.Points (idPoint, namePoint, descriptionPoint, latitudePoint, longitudePoint, vernaculairePoint, disponiblePoint) VALUES (146, 'Liquidambar styraciflua', 'Le copalme d''Amérique ou Liquidambar (Liquidambar styraciflua) est une espèce d''arbres qui appartient maintenant à la famille des Altingiacées, auparavant classé dans la famille des Hamamelidacées.', 50.664177, 4.615258, 'Copalme d''Amérique', 1);
INSERT INTO devWeb_Project_Bdd.Points (idPoint, namePoint, descriptionPoint, latitudePoint, longitudePoint, vernaculairePoint, disponiblePoint) VALUES (147, 'Aesculus turbinata', 'Le marronnier du Japon, de la famille des Hippocastanacées est une des espèces d''arbres d''alignement ou d''ornement répandu dans les parcs publics et le long des avenues dans l''hémisphère nord.', 50.663706, 4.615374, 'Marronnier du Japon', 1);
INSERT INTO devWeb_Project_Bdd.Points (idPoint, namePoint, descriptionPoint, latitudePoint, longitudePoint, vernaculairePoint, disponiblePoint) VALUES (148, 'Betula pendula', 'Le bouleau verruqueux ou bouleau blanc (Betula pendula, syn. B. verrucosa), ou encore bouleau d''Europe, mais aussi bouleau blanc d''Europe est un arbre pouvant atteindre 25 mètres de hauteur. Originaire d''Europe et d''Asie, c''est un arbre très rustique et qui a besoin de lumière. Il aime les sols secs à frais, siliceux de préférence. Les sols acides à alcalins ne le dérangent pas outre mesure. C''est une essence pionnière, colonisatrice et très adaptable. Il résiste parfaitement aux embruns. Il peut être isolé, en alignement, bosquet, etc.', 50.6637, 4.615737, 'Bouleau verruqueux', 1);
INSERT INTO devWeb_Project_Bdd.Points (idPoint, namePoint, descriptionPoint, latitudePoint, longitudePoint, vernaculairePoint, disponiblePoint) VALUES (149, 'Betula pendula', 'Le bouleau verruqueux ou bouleau blanc (Betula pendula, syn. B. verrucosa), ou encore bouleau d''Europe, mais aussi bouleau blanc d''Europe est un arbre pouvant atteindre 25 mètres de hauteur. Originaire d''Europe et d''Asie, c''est un arbre très rustique et qui a besoin de lumière. Il aime les sols secs à frais, siliceux de préférence. Les sols acides à alcalins ne le dérangent pas outre mesure. C''est une essence pionnière, colonisatrice et très adaptable. Il résiste parfaitement aux embruns. Il peut être isolé, en alignement, bosquet, etc.', 50.663743, 4.615847, 'Bouleau verruqueux', 1);
INSERT INTO devWeb_Project_Bdd.Points (idPoint, namePoint, descriptionPoint, latitudePoint, longitudePoint, vernaculairePoint, disponiblePoint) VALUES (150, 'Betula pendula', 'Le bouleau verruqueux ou bouleau blanc (Betula pendula, syn. B. verrucosa), ou encore bouleau d''Europe, mais aussi bouleau blanc d''Europe est un arbre pouvant atteindre 25 mètres de hauteur. Originaire d''Europe et d''Asie, c''est un arbre très rustique et qui a besoin de lumière. Il aime les sols secs à frais, siliceux de préférence. Les sols acides à alcalins ne le dérangent pas outre mesure. C''est une essence pionnière, colonisatrice et très adaptable. Il résiste parfaitement aux embruns. Il peut être isolé, en alignement, bosquet, etc.', 50.66378, 4.616461, 'Bouleau verruqueux', 1);
INSERT INTO devWeb_Project_Bdd.Points (idPoint, namePoint, descriptionPoint, latitudePoint, longitudePoint, vernaculairePoint, disponiblePoint) VALUES (151, 'Betula pendula', 'Le bouleau verruqueux ou bouleau blanc (Betula pendula, syn. B. verrucosa), ou encore bouleau d''Europe, mais aussi bouleau blanc d''Europe est un arbre pouvant atteindre 25 mètres de hauteur. Originaire d''Europe et d''Asie, c''est un arbre très rustique et qui a besoin de lumière. Il aime les sols secs à frais, siliceux de préférence. Les sols acides à alcalins ne le dérangent pas outre mesure. C''est une essence pionnière, colonisatrice et très adaptable. Il résiste parfaitement aux embruns. Il peut être isolé, en alignement, bosquet, etc.', 50.663729, 4.616566, 'Bouleau verruqueux', 1);
INSERT INTO devWeb_Project_Bdd.Points (idPoint, namePoint, descriptionPoint, latitudePoint, longitudePoint, vernaculairePoint, disponiblePoint) VALUES (152, 'Salix alba cv. tristis', 'Le Saule blanc, Saule commun, Saule argenté, Osier blanc, ou Saule Vivier (Salix alba L.), est un arbre de la famille des Salicacées. Cet arbre commun dans les régions tempérées est souvent cultivé en forme de « têtard » pour la production d''osier.', 50.663727, 4.617133, 'Saule blanc pleureur', 1);
INSERT INTO devWeb_Project_Bdd.Points (idPoint, namePoint, descriptionPoint, latitudePoint, longitudePoint, vernaculairePoint, disponiblePoint) VALUES (153, 'Corylus maxima cv. purpurea', 'Le Noisetier de Lambert (Corylus maxima) est un arbuste de la famille des bétulacées. Sa variété pourpre est plantée comme arbuste d''ornement.', 50.6639, 4.616879, 'Noisetier de Lambert cv. Pourpre', 1);
INSERT INTO devWeb_Project_Bdd.Points (idPoint, namePoint, descriptionPoint, latitudePoint, longitudePoint, vernaculairePoint, disponiblePoint) VALUES (154, 'Quercus cerris', 'Le Chêne chevelu ou Chêne lombard ou Chêne cerris (Quercus cerris), est une espèce d''arbres monoïques de la famille des Fagacées originaire du sud de l''Europe et d''Asie Mineure. Il est parfois appelé Chêne de Bourgogne, Chêne de Turquie ou Doucier.

C''est l''espèce type de la section Cerris de la classification des chênes. Il doit son nom au fait que la cupule de son gland est pourvue de trichomes assimilés à des cheveux.', 50.664996, 4.61817, 'Chêne chevelu', 1);
INSERT INTO devWeb_Project_Bdd.Points (idPoint, namePoint, descriptionPoint, latitudePoint, longitudePoint, vernaculairePoint, disponiblePoint) VALUES (155, 'Ginkgo biloba', 'L’Arbre aux quarante écus, l’Abricotier d''argent, Ginkgo (Ginkgo biloba L., 1771) (银杏 yínxìng en chinois) est une espèce d''arbres et la seule représentante actuelle de la famille des Ginkgoaceae. C''est la seule espèce actuelle de la division des ginkgophyta. Elle est considérée comme une espèce panchroniquenote. C''est la plus ancienne famille d''arbres connue, puisqu''elle serait apparue il y a plus de 270 millions d''années. Elle existait déjà une quarantaine de millions d''années avant l''apparition des dinosaures.', 50.660583, 4.608787, 'Abricotier d''argent', 1);
INSERT INTO devWeb_Project_Bdd.Points (idPoint, namePoint, descriptionPoint, latitudePoint, longitudePoint, vernaculairePoint, disponiblePoint) VALUES (156, 'Aesculus x carnea', 'Le Marronnier à fleurs rouge, Aesculus ×carnea, est une espèce d’arbres décoratifs de la famille des Hippocastanacées.

C''est un hybride entre Aesculus hippocastanum et Aesculus pavia.', 50.660546, 4.60887, 'Marronnier à fleurs rouges', 1);
INSERT INTO devWeb_Project_Bdd.Points (idPoint, namePoint, descriptionPoint, latitudePoint, longitudePoint, vernaculairePoint, disponiblePoint) VALUES (157, 'Ulmus minor', 'L’Orme champêtre, l’Ormeau ou le Petit Orme (Ulmus minor) est une espèce d''arbres à feuilles caduques de la famille des ulmacées. Il est parfois appelé Ipréau, Orme cilié ou Yvet.', 50.66071, 4.608406, 'Orme champêtre', 1);
INSERT INTO devWeb_Project_Bdd.Points (idPoint, namePoint, descriptionPoint, latitudePoint, longitudePoint, vernaculairePoint, disponiblePoint) VALUES (158, 'Sequoiadendron giganteum', 'Le Séquoia géant (Sequoiadendron giganteum) est une espèce de conifères de la famille des Taxodiaceae (classification classique) ou des Cupressaceae (classification phylogénétique). Il est l''unique représentant actuel du genre Sequoiadendron.', 50.660592, 4.60794, 'Séquoia géant', 1);
INSERT INTO devWeb_Project_Bdd.Points (idPoint, namePoint, descriptionPoint, latitudePoint, longitudePoint, vernaculairePoint, disponiblePoint) VALUES (159, 'Quercus dentata cv. yunnanensis', 'Quercus dentata, également appelé chêne empereur japonais ou chêne daimyo (japonais: 柏, kashiwa; chinois simplifié: 柞 栎; chinois traditionnel: 柞 櫟; pinyin: zuòlì; coréen: 떡갈 나무, tteokgalnamu) est une espèce de chêne originaire du Japon, de Corée et de Chine. Le nom de l''arbre est souvent traduit par "chêne doux" en anglais pour le distinguer des variétés occidentales.

Quercus dentata est un arbre à feuilles caduques atteignant 20–25 m de haut, avec un tronc atteignant 1 m de diamètre. Son feuillage est remarquable par sa taille, parmi les plus grands de tous les chênes, composé d''un pétiole court et poilu, de 1–1,5 cm de long, et d''une lame de 10–40 cm de long et de 15–30 cm de large, avec une marge lobée peu profonde; la forme rappelle une énorme feuille de chêne pédonculé. Les feuilles sont souvent retenues mortes sur l''arbre en hiver. Les deux côtés de la feuille sont initialement duveteux, la surface supérieure devenant lisse.

Les fleurs sont produites en mai; les fleurs mâles sont des chatons pendants. Les fleurs femelles sont sessiles, poussant près de l''extrémité des nouvelles pousses, produisant des glands de 1,2–2,3 cm de long et de 1,2–1,5 cm de large, dans de larges coupes à écailles touffues; les glands mûrissent de septembre à octobre.', 50.660998, 4.607538, 'Chêne denté cv. yunnanensis', 1);
INSERT INTO devWeb_Project_Bdd.Points (idPoint, namePoint, descriptionPoint, latitudePoint, longitudePoint, vernaculairePoint, disponiblePoint) VALUES (160, 'Robinia pseudoacacia', '''Le robinier faux-acacia ou acacia (Robinia pseudoacacia) est une espèce de la famille des Fabacées (légumineuses de la sous-famille des Viciaceae). Cet arbre présente des fleurs zygomorphes caractéristiques chez les Fabacées. Ses fruits sont des gousses ressemblant à un haricot plat avec des graines à l''intérieur.', 50.660983, 4.606725, 'Robinier faux-acacia', 1);

INSERT INTO devWeb_Project_Bdd.CategoriesPoints (idPoint, idCategorie) VALUES (2, 1);
INSERT INTO devWeb_Project_Bdd.CategoriesPoints (idPoint, idCategorie) VALUES (8, 1);
INSERT INTO devWeb_Project_Bdd.CategoriesPoints (idPoint, idCategorie) VALUES (37, 1);
INSERT INTO devWeb_Project_Bdd.CategoriesPoints (idPoint, idCategorie) VALUES (38, 1);
INSERT INTO devWeb_Project_Bdd.CategoriesPoints (idPoint, idCategorie) VALUES (49, 1);
INSERT INTO devWeb_Project_Bdd.CategoriesPoints (idPoint, idCategorie) VALUES (51, 1);
INSERT INTO devWeb_Project_Bdd.CategoriesPoints (idPoint, idCategorie) VALUES (55, 1);
INSERT INTO devWeb_Project_Bdd.CategoriesPoints (idPoint, idCategorie) VALUES (56, 1);
INSERT INTO devWeb_Project_Bdd.CategoriesPoints (idPoint, idCategorie) VALUES (73, 1);
INSERT INTO devWeb_Project_Bdd.CategoriesPoints (idPoint, idCategorie) VALUES (75, 1);
INSERT INTO devWeb_Project_Bdd.CategoriesPoints (idPoint, idCategorie) VALUES (90, 1);
INSERT INTO devWeb_Project_Bdd.CategoriesPoints (idPoint, idCategorie) VALUES (91, 1);
INSERT INTO devWeb_Project_Bdd.CategoriesPoints (idPoint, idCategorie) VALUES (92, 1);
INSERT INTO devWeb_Project_Bdd.CategoriesPoints (idPoint, idCategorie) VALUES (100, 1);
INSERT INTO devWeb_Project_Bdd.CategoriesPoints (idPoint, idCategorie) VALUES (105, 1);
INSERT INTO devWeb_Project_Bdd.CategoriesPoints (idPoint, idCategorie) VALUES (114, 1);
INSERT INTO devWeb_Project_Bdd.CategoriesPoints (idPoint, idCategorie) VALUES (123, 1);
INSERT INTO devWeb_Project_Bdd.CategoriesPoints (idPoint, idCategorie) VALUES (125, 1);
INSERT INTO devWeb_Project_Bdd.CategoriesPoints (idPoint, idCategorie) VALUES (138, 1);
INSERT INTO devWeb_Project_Bdd.CategoriesPoints (idPoint, idCategorie) VALUES (141, 1);
INSERT INTO devWeb_Project_Bdd.CategoriesPoints (idPoint, idCategorie) VALUES (9, 2);
INSERT INTO devWeb_Project_Bdd.CategoriesPoints (idPoint, idCategorie) VALUES (16, 2);
INSERT INTO devWeb_Project_Bdd.CategoriesPoints (idPoint, idCategorie) VALUES (45, 2);
INSERT INTO devWeb_Project_Bdd.CategoriesPoints (idPoint, idCategorie) VALUES (72, 2);
INSERT INTO devWeb_Project_Bdd.CategoriesPoints (idPoint, idCategorie) VALUES (78, 2);
INSERT INTO devWeb_Project_Bdd.CategoriesPoints (idPoint, idCategorie) VALUES (103, 2);
INSERT INTO devWeb_Project_Bdd.CategoriesPoints (idPoint, idCategorie) VALUES (104, 2);
INSERT INTO devWeb_Project_Bdd.CategoriesPoints (idPoint, idCategorie) VALUES (107, 2);
INSERT INTO devWeb_Project_Bdd.CategoriesPoints (idPoint, idCategorie) VALUES (112, 2);
INSERT INTO devWeb_Project_Bdd.CategoriesPoints (idPoint, idCategorie) VALUES (113, 2);
INSERT INTO devWeb_Project_Bdd.CategoriesPoints (idPoint, idCategorie) VALUES (117, 2);
INSERT INTO devWeb_Project_Bdd.CategoriesPoints (idPoint, idCategorie) VALUES (139, 2);
INSERT INTO devWeb_Project_Bdd.CategoriesPoints (idPoint, idCategorie) VALUES (154, 2);
INSERT INTO devWeb_Project_Bdd.CategoriesPoints (idPoint, idCategorie) VALUES (159, 2);
INSERT INTO devWeb_Project_Bdd.CategoriesPoints (idPoint, idCategorie) VALUES (1, 3);
INSERT INTO devWeb_Project_Bdd.CategoriesPoints (idPoint, idCategorie) VALUES (17, 3);
INSERT INTO devWeb_Project_Bdd.CategoriesPoints (idPoint, idCategorie) VALUES (71, 3);
INSERT INTO devWeb_Project_Bdd.CategoriesPoints (idPoint, idCategorie) VALUES (80, 3);
INSERT INTO devWeb_Project_Bdd.CategoriesPoints (idPoint, idCategorie) VALUES (82, 3);
INSERT INTO devWeb_Project_Bdd.CategoriesPoints (idPoint, idCategorie) VALUES (85, 3);
INSERT INTO devWeb_Project_Bdd.CategoriesPoints (idPoint, idCategorie) VALUES (109, 3);
INSERT INTO devWeb_Project_Bdd.CategoriesPoints (idPoint, idCategorie) VALUES (120, 3);
INSERT INTO devWeb_Project_Bdd.CategoriesPoints (idPoint, idCategorie) VALUES (122, 3);
INSERT INTO devWeb_Project_Bdd.CategoriesPoints (idPoint, idCategorie) VALUES (132, 3);
INSERT INTO devWeb_Project_Bdd.CategoriesPoints (idPoint, idCategorie) VALUES (152, 3);

INSERT INTO devWeb_Project_Bdd.ParcoursPoints (idPoint, idParcours, numeroParcours) VALUES (1, 1, 1);
INSERT INTO devWeb_Project_Bdd.ParcoursPoints (idPoint, idParcours, numeroParcours) VALUES (2, 1, 2);
INSERT INTO devWeb_Project_Bdd.ParcoursPoints (idPoint, idParcours, numeroParcours) VALUES (3, 1, 3);
INSERT INTO devWeb_Project_Bdd.ParcoursPoints (idPoint, idParcours, numeroParcours) VALUES (4, 1, 4);
INSERT INTO devWeb_Project_Bdd.ParcoursPoints (idPoint, idParcours, numeroParcours) VALUES (5, 1, 5);
INSERT INTO devWeb_Project_Bdd.ParcoursPoints (idPoint, idParcours, numeroParcours) VALUES (6, 1, 6);
INSERT INTO devWeb_Project_Bdd.ParcoursPoints (idPoint, idParcours, numeroParcours) VALUES (7, 1, 7);
INSERT INTO devWeb_Project_Bdd.ParcoursPoints (idPoint, idParcours, numeroParcours) VALUES (8, 1, 8);
INSERT INTO devWeb_Project_Bdd.ParcoursPoints (idPoint, idParcours, numeroParcours) VALUES (9, 1, 9);
INSERT INTO devWeb_Project_Bdd.ParcoursPoints (idPoint, idParcours, numeroParcours) VALUES (10, 1, 10);
INSERT INTO devWeb_Project_Bdd.ParcoursPoints (idPoint, idParcours, numeroParcours) VALUES (11, 1, 11);
INSERT INTO devWeb_Project_Bdd.ParcoursPoints (idPoint, idParcours, numeroParcours) VALUES (12, 1, 12);
INSERT INTO devWeb_Project_Bdd.ParcoursPoints (idPoint, idParcours, numeroParcours) VALUES (13, 1, 13);
INSERT INTO devWeb_Project_Bdd.ParcoursPoints (idPoint, idParcours, numeroParcours) VALUES (14, 1, 14);
INSERT INTO devWeb_Project_Bdd.ParcoursPoints (idPoint, idParcours, numeroParcours) VALUES (15, 1, 15);
INSERT INTO devWeb_Project_Bdd.ParcoursPoints (idPoint, idParcours, numeroParcours) VALUES (16, 1, 16);
INSERT INTO devWeb_Project_Bdd.ParcoursPoints (idPoint, idParcours, numeroParcours) VALUES (17, 1, 17);
INSERT INTO devWeb_Project_Bdd.ParcoursPoints (idPoint, idParcours, numeroParcours) VALUES (18, 1, 18);
INSERT INTO devWeb_Project_Bdd.ParcoursPoints (idPoint, idParcours, numeroParcours) VALUES (19, 1, 19);
INSERT INTO devWeb_Project_Bdd.ParcoursPoints (idPoint, idParcours, numeroParcours) VALUES (20, 1, 20);
INSERT INTO devWeb_Project_Bdd.ParcoursPoints (idPoint, idParcours, numeroParcours) VALUES (21, 1, 21);
INSERT INTO devWeb_Project_Bdd.ParcoursPoints (idPoint, idParcours, numeroParcours) VALUES (22, 1, 22);
INSERT INTO devWeb_Project_Bdd.ParcoursPoints (idPoint, idParcours, numeroParcours) VALUES (23, 1, 23);
INSERT INTO devWeb_Project_Bdd.ParcoursPoints (idPoint, idParcours, numeroParcours) VALUES (24, 1, 24);
INSERT INTO devWeb_Project_Bdd.ParcoursPoints (idPoint, idParcours, numeroParcours) VALUES (25, 1, 25);
INSERT INTO devWeb_Project_Bdd.ParcoursPoints (idPoint, idParcours, numeroParcours) VALUES (26, 1, 26);
INSERT INTO devWeb_Project_Bdd.ParcoursPoints (idPoint, idParcours, numeroParcours) VALUES (27, 1, 27);
INSERT INTO devWeb_Project_Bdd.ParcoursPoints (idPoint, idParcours, numeroParcours) VALUES (28, 1, 28);
INSERT INTO devWeb_Project_Bdd.ParcoursPoints (idPoint, idParcours, numeroParcours) VALUES (29, 1, 29);
INSERT INTO devWeb_Project_Bdd.ParcoursPoints (idPoint, idParcours, numeroParcours) VALUES (30, 1, 30);
INSERT INTO devWeb_Project_Bdd.ParcoursPoints (idPoint, idParcours, numeroParcours) VALUES (31, 1, 31);
INSERT INTO devWeb_Project_Bdd.ParcoursPoints (idPoint, idParcours, numeroParcours) VALUES (32, 1, 32);
INSERT INTO devWeb_Project_Bdd.ParcoursPoints (idPoint, idParcours, numeroParcours) VALUES (33, 1, 33);
INSERT INTO devWeb_Project_Bdd.ParcoursPoints (idPoint, idParcours, numeroParcours) VALUES (34, 1, 34);
INSERT INTO devWeb_Project_Bdd.ParcoursPoints (idPoint, idParcours, numeroParcours) VALUES (35, 1, 35);
INSERT INTO devWeb_Project_Bdd.ParcoursPoints (idPoint, idParcours, numeroParcours) VALUES (36, 1, 36);
INSERT INTO devWeb_Project_Bdd.ParcoursPoints (idPoint, idParcours, numeroParcours) VALUES (37, 1, 37);
INSERT INTO devWeb_Project_Bdd.ParcoursPoints (idPoint, idParcours, numeroParcours) VALUES (38, 1, 38);
INSERT INTO devWeb_Project_Bdd.ParcoursPoints (idPoint, idParcours, numeroParcours) VALUES (39, 1, 39);
INSERT INTO devWeb_Project_Bdd.ParcoursPoints (idPoint, idParcours, numeroParcours) VALUES (40, 1, 40);
INSERT INTO devWeb_Project_Bdd.ParcoursPoints (idPoint, idParcours, numeroParcours) VALUES (41, 1, 41);
INSERT INTO devWeb_Project_Bdd.ParcoursPoints (idPoint, idParcours, numeroParcours) VALUES (42, 1, 42);
INSERT INTO devWeb_Project_Bdd.ParcoursPoints (idPoint, idParcours, numeroParcours) VALUES (43, 1, 43);
INSERT INTO devWeb_Project_Bdd.ParcoursPoints (idPoint, idParcours, numeroParcours) VALUES (44, 1, 44);
INSERT INTO devWeb_Project_Bdd.ParcoursPoints (idPoint, idParcours, numeroParcours) VALUES (45, 1, 45);
INSERT INTO devWeb_Project_Bdd.ParcoursPoints (idPoint, idParcours, numeroParcours) VALUES (46, 1, 46);
INSERT INTO devWeb_Project_Bdd.ParcoursPoints (idPoint, idParcours, numeroParcours) VALUES (47, 1, 47);
INSERT INTO devWeb_Project_Bdd.ParcoursPoints (idPoint, idParcours, numeroParcours) VALUES (48, 2, 1);
INSERT INTO devWeb_Project_Bdd.ParcoursPoints (idPoint, idParcours, numeroParcours) VALUES (49, 2, 2);
INSERT INTO devWeb_Project_Bdd.ParcoursPoints (idPoint, idParcours, numeroParcours) VALUES (50, 2, 3);
INSERT INTO devWeb_Project_Bdd.ParcoursPoints (idPoint, idParcours, numeroParcours) VALUES (51, 2, 4);
INSERT INTO devWeb_Project_Bdd.ParcoursPoints (idPoint, idParcours, numeroParcours) VALUES (52, 2, 5);
INSERT INTO devWeb_Project_Bdd.ParcoursPoints (idPoint, idParcours, numeroParcours) VALUES (53, 2, 6);
INSERT INTO devWeb_Project_Bdd.ParcoursPoints (idPoint, idParcours, numeroParcours) VALUES (54, 2, 7);
INSERT INTO devWeb_Project_Bdd.ParcoursPoints (idPoint, idParcours, numeroParcours) VALUES (55, 2, 8);
INSERT INTO devWeb_Project_Bdd.ParcoursPoints (idPoint, idParcours, numeroParcours) VALUES (56, 2, 9);
INSERT INTO devWeb_Project_Bdd.ParcoursPoints (idPoint, idParcours, numeroParcours) VALUES (57, 2, 10);
INSERT INTO devWeb_Project_Bdd.ParcoursPoints (idPoint, idParcours, numeroParcours) VALUES (58, 2, 11);
INSERT INTO devWeb_Project_Bdd.ParcoursPoints (idPoint, idParcours, numeroParcours) VALUES (59, 2, 12);
INSERT INTO devWeb_Project_Bdd.ParcoursPoints (idPoint, idParcours, numeroParcours) VALUES (60, 2, 13);
INSERT INTO devWeb_Project_Bdd.ParcoursPoints (idPoint, idParcours, numeroParcours) VALUES (61, 2, 14);
INSERT INTO devWeb_Project_Bdd.ParcoursPoints (idPoint, idParcours, numeroParcours) VALUES (62, 2, 15);
INSERT INTO devWeb_Project_Bdd.ParcoursPoints (idPoint, idParcours, numeroParcours) VALUES (63, 2, 16);
INSERT INTO devWeb_Project_Bdd.ParcoursPoints (idPoint, idParcours, numeroParcours) VALUES (64, 2, 17);
INSERT INTO devWeb_Project_Bdd.ParcoursPoints (idPoint, idParcours, numeroParcours) VALUES (65, 2, 18);
INSERT INTO devWeb_Project_Bdd.ParcoursPoints (idPoint, idParcours, numeroParcours) VALUES (66, 2, 19);
INSERT INTO devWeb_Project_Bdd.ParcoursPoints (idPoint, idParcours, numeroParcours) VALUES (67, 2, 20);
INSERT INTO devWeb_Project_Bdd.ParcoursPoints (idPoint, idParcours, numeroParcours) VALUES (68, 2, 21);
INSERT INTO devWeb_Project_Bdd.ParcoursPoints (idPoint, idParcours, numeroParcours) VALUES (69, 2, 22);
INSERT INTO devWeb_Project_Bdd.ParcoursPoints (idPoint, idParcours, numeroParcours) VALUES (70, 2, 23);
INSERT INTO devWeb_Project_Bdd.ParcoursPoints (idPoint, idParcours, numeroParcours) VALUES (71, 2, 24);
INSERT INTO devWeb_Project_Bdd.ParcoursPoints (idPoint, idParcours, numeroParcours) VALUES (72, 2, 25);
INSERT INTO devWeb_Project_Bdd.ParcoursPoints (idPoint, idParcours, numeroParcours) VALUES (73, 2, 26);
INSERT INTO devWeb_Project_Bdd.ParcoursPoints (idPoint, idParcours, numeroParcours) VALUES (74, 2, 27);
INSERT INTO devWeb_Project_Bdd.ParcoursPoints (idPoint, idParcours, numeroParcours) VALUES (75, 2, 28);
INSERT INTO devWeb_Project_Bdd.ParcoursPoints (idPoint, idParcours, numeroParcours) VALUES (76, 2, 29);
INSERT INTO devWeb_Project_Bdd.ParcoursPoints (idPoint, idParcours, numeroParcours) VALUES (77, 2, 30);
INSERT INTO devWeb_Project_Bdd.ParcoursPoints (idPoint, idParcours, numeroParcours) VALUES (78, 3, 1);
INSERT INTO devWeb_Project_Bdd.ParcoursPoints (idPoint, idParcours, numeroParcours) VALUES (79, 3, 2);
INSERT INTO devWeb_Project_Bdd.ParcoursPoints (idPoint, idParcours, numeroParcours) VALUES (80, 3, 3);
INSERT INTO devWeb_Project_Bdd.ParcoursPoints (idPoint, idParcours, numeroParcours) VALUES (81, 3, 4);
INSERT INTO devWeb_Project_Bdd.ParcoursPoints (idPoint, idParcours, numeroParcours) VALUES (82, 3, 5);
INSERT INTO devWeb_Project_Bdd.ParcoursPoints (idPoint, idParcours, numeroParcours) VALUES (83, 3, 6);
INSERT INTO devWeb_Project_Bdd.ParcoursPoints (idPoint, idParcours, numeroParcours) VALUES (84, 3, 7);
INSERT INTO devWeb_Project_Bdd.ParcoursPoints (idPoint, idParcours, numeroParcours) VALUES (85, 3, 8);
INSERT INTO devWeb_Project_Bdd.ParcoursPoints (idPoint, idParcours, numeroParcours) VALUES (86, 3, 9);
INSERT INTO devWeb_Project_Bdd.ParcoursPoints (idPoint, idParcours, numeroParcours) VALUES (87, 3, 10);
INSERT INTO devWeb_Project_Bdd.ParcoursPoints (idPoint, idParcours, numeroParcours) VALUES (88, 3, 11);
INSERT INTO devWeb_Project_Bdd.ParcoursPoints (idPoint, idParcours, numeroParcours) VALUES (89, 3, 12);
INSERT INTO devWeb_Project_Bdd.ParcoursPoints (idPoint, idParcours, numeroParcours) VALUES (90, 3, 13);
INSERT INTO devWeb_Project_Bdd.ParcoursPoints (idPoint, idParcours, numeroParcours) VALUES (91, 3, 14);
INSERT INTO devWeb_Project_Bdd.ParcoursPoints (idPoint, idParcours, numeroParcours) VALUES (92, 3, 15);
INSERT INTO devWeb_Project_Bdd.ParcoursPoints (idPoint, idParcours, numeroParcours) VALUES (93, 3, 16);
INSERT INTO devWeb_Project_Bdd.ParcoursPoints (idPoint, idParcours, numeroParcours) VALUES (94, 3, 17);
INSERT INTO devWeb_Project_Bdd.ParcoursPoints (idPoint, idParcours, numeroParcours) VALUES (95, 3, 18);
INSERT INTO devWeb_Project_Bdd.ParcoursPoints (idPoint, idParcours, numeroParcours) VALUES (96, 3, 19);
INSERT INTO devWeb_Project_Bdd.ParcoursPoints (idPoint, idParcours, numeroParcours) VALUES (97, 3, 20);
INSERT INTO devWeb_Project_Bdd.ParcoursPoints (idPoint, idParcours, numeroParcours) VALUES (98, 3, 21);
INSERT INTO devWeb_Project_Bdd.ParcoursPoints (idPoint, idParcours, numeroParcours) VALUES (99, 3, 22);
INSERT INTO devWeb_Project_Bdd.ParcoursPoints (idPoint, idParcours, numeroParcours) VALUES (100, 3, 23);
INSERT INTO devWeb_Project_Bdd.ParcoursPoints (idPoint, idParcours, numeroParcours) VALUES (101, 3, 24);
INSERT INTO devWeb_Project_Bdd.ParcoursPoints (idPoint, idParcours, numeroParcours) VALUES (102, 3, 25);
INSERT INTO devWeb_Project_Bdd.ParcoursPoints (idPoint, idParcours, numeroParcours) VALUES (103, 3, 26);
INSERT INTO devWeb_Project_Bdd.ParcoursPoints (idPoint, idParcours, numeroParcours) VALUES (104, 3, 27);
INSERT INTO devWeb_Project_Bdd.ParcoursPoints (idPoint, idParcours, numeroParcours) VALUES (105, 3, 28);
INSERT INTO devWeb_Project_Bdd.ParcoursPoints (idPoint, idParcours, numeroParcours) VALUES (106, 3, 29);
INSERT INTO devWeb_Project_Bdd.ParcoursPoints (idPoint, idParcours, numeroParcours) VALUES (107, 3, 30);
INSERT INTO devWeb_Project_Bdd.ParcoursPoints (idPoint, idParcours, numeroParcours) VALUES (108, 3, 31);
INSERT INTO devWeb_Project_Bdd.ParcoursPoints (idPoint, idParcours, numeroParcours) VALUES (109, 3, 32);
INSERT INTO devWeb_Project_Bdd.ParcoursPoints (idPoint, idParcours, numeroParcours) VALUES (110, 3, 33);
INSERT INTO devWeb_Project_Bdd.ParcoursPoints (idPoint, idParcours, numeroParcours) VALUES (111, 3, 34);
INSERT INTO devWeb_Project_Bdd.ParcoursPoints (idPoint, idParcours, numeroParcours) VALUES (112, 3, 35);
INSERT INTO devWeb_Project_Bdd.ParcoursPoints (idPoint, idParcours, numeroParcours) VALUES (113, 3, 36);
INSERT INTO devWeb_Project_Bdd.ParcoursPoints (idPoint, idParcours, numeroParcours) VALUES (114, 3, 37);
INSERT INTO devWeb_Project_Bdd.ParcoursPoints (idPoint, idParcours, numeroParcours) VALUES (115, 3, 38);
INSERT INTO devWeb_Project_Bdd.ParcoursPoints (idPoint, idParcours, numeroParcours) VALUES (116, 3, 39);
INSERT INTO devWeb_Project_Bdd.ParcoursPoints (idPoint, idParcours, numeroParcours) VALUES (117, 3, 40);
INSERT INTO devWeb_Project_Bdd.ParcoursPoints (idPoint, idParcours, numeroParcours) VALUES (118, 3, 41);
INSERT INTO devWeb_Project_Bdd.ParcoursPoints (idPoint, idParcours, numeroParcours) VALUES (119, 3, 42);
INSERT INTO devWeb_Project_Bdd.ParcoursPoints (idPoint, idParcours, numeroParcours) VALUES (120, 3, 43);
INSERT INTO devWeb_Project_Bdd.ParcoursPoints (idPoint, idParcours, numeroParcours) VALUES (121, 3, 44);
INSERT INTO devWeb_Project_Bdd.ParcoursPoints (idPoint, idParcours, numeroParcours) VALUES (122, 3, 45);
INSERT INTO devWeb_Project_Bdd.ParcoursPoints (idPoint, idParcours, numeroParcours) VALUES (123, 3, 46);
INSERT INTO devWeb_Project_Bdd.ParcoursPoints (idPoint, idParcours, numeroParcours) VALUES (124, 3, 47);
INSERT INTO devWeb_Project_Bdd.ParcoursPoints (idPoint, idParcours, numeroParcours) VALUES (125, 4, 1);
INSERT INTO devWeb_Project_Bdd.ParcoursPoints (idPoint, idParcours, numeroParcours) VALUES (126, 4, 2);
INSERT INTO devWeb_Project_Bdd.ParcoursPoints (idPoint, idParcours, numeroParcours) VALUES (127, 4, 3);
INSERT INTO devWeb_Project_Bdd.ParcoursPoints (idPoint, idParcours, numeroParcours) VALUES (128, 4, 4);
INSERT INTO devWeb_Project_Bdd.ParcoursPoints (idPoint, idParcours, numeroParcours) VALUES (129, 4, 5);
INSERT INTO devWeb_Project_Bdd.ParcoursPoints (idPoint, idParcours, numeroParcours) VALUES (130, 4, 6);
INSERT INTO devWeb_Project_Bdd.ParcoursPoints (idPoint, idParcours, numeroParcours) VALUES (131, 4, 7);
INSERT INTO devWeb_Project_Bdd.ParcoursPoints (idPoint, idParcours, numeroParcours) VALUES (132, 4, 8);
INSERT INTO devWeb_Project_Bdd.ParcoursPoints (idPoint, idParcours, numeroParcours) VALUES (133, 4, 9);
INSERT INTO devWeb_Project_Bdd.ParcoursPoints (idPoint, idParcours, numeroParcours) VALUES (134, 4, 10);
INSERT INTO devWeb_Project_Bdd.ParcoursPoints (idPoint, idParcours, numeroParcours) VALUES (135, 4, 11);
INSERT INTO devWeb_Project_Bdd.ParcoursPoints (idPoint, idParcours, numeroParcours) VALUES (136, 4, 12);
INSERT INTO devWeb_Project_Bdd.ParcoursPoints (idPoint, idParcours, numeroParcours) VALUES (137, 4, 13);
INSERT INTO devWeb_Project_Bdd.ParcoursPoints (idPoint, idParcours, numeroParcours) VALUES (138, 4, 14);
INSERT INTO devWeb_Project_Bdd.ParcoursPoints (idPoint, idParcours, numeroParcours) VALUES (139, 4, 15);
INSERT INTO devWeb_Project_Bdd.ParcoursPoints (idPoint, idParcours, numeroParcours) VALUES (140, 4, 16);
INSERT INTO devWeb_Project_Bdd.ParcoursPoints (idPoint, idParcours, numeroParcours) VALUES (141, 4, 17);
INSERT INTO devWeb_Project_Bdd.ParcoursPoints (idPoint, idParcours, numeroParcours) VALUES (142, 4, 18);
INSERT INTO devWeb_Project_Bdd.ParcoursPoints (idPoint, idParcours, numeroParcours) VALUES (143, 4, 19);
INSERT INTO devWeb_Project_Bdd.ParcoursPoints (idPoint, idParcours, numeroParcours) VALUES (144, 4, 20);
INSERT INTO devWeb_Project_Bdd.ParcoursPoints (idPoint, idParcours, numeroParcours) VALUES (145, 4, 21);
INSERT INTO devWeb_Project_Bdd.ParcoursPoints (idPoint, idParcours, numeroParcours) VALUES (146, 4, 22);
INSERT INTO devWeb_Project_Bdd.ParcoursPoints (idPoint, idParcours, numeroParcours) VALUES (147, 4, 23);
INSERT INTO devWeb_Project_Bdd.ParcoursPoints (idPoint, idParcours, numeroParcours) VALUES (148, 4, 24);
INSERT INTO devWeb_Project_Bdd.ParcoursPoints (idPoint, idParcours, numeroParcours) VALUES (149, 4, 25);
INSERT INTO devWeb_Project_Bdd.ParcoursPoints (idPoint, idParcours, numeroParcours) VALUES (150, 4, 26);
INSERT INTO devWeb_Project_Bdd.ParcoursPoints (idPoint, idParcours, numeroParcours) VALUES (151, 4, 27);
INSERT INTO devWeb_Project_Bdd.ParcoursPoints (idPoint, idParcours, numeroParcours) VALUES (152, 4, 28);
INSERT INTO devWeb_Project_Bdd.ParcoursPoints (idPoint, idParcours, numeroParcours) VALUES (153, 4, 29);
INSERT INTO devWeb_Project_Bdd.ParcoursPoints (idPoint, idParcours, numeroParcours) VALUES (154, 4, 30);
INSERT INTO devWeb_Project_Bdd.ParcoursPoints (idPoint, idParcours, numeroParcours) VALUES (155, 5, 1);
INSERT INTO devWeb_Project_Bdd.ParcoursPoints (idPoint, idParcours, numeroParcours) VALUES (156, 5, 2);
INSERT INTO devWeb_Project_Bdd.ParcoursPoints (idPoint, idParcours, numeroParcours) VALUES (157, 5, 3);
INSERT INTO devWeb_Project_Bdd.ParcoursPoints (idPoint, idParcours, numeroParcours) VALUES (158, 5, 4);
INSERT INTO devWeb_Project_Bdd.ParcoursPoints (idPoint, idParcours, numeroParcours) VALUES (159, 5, 5);
INSERT INTO devWeb_Project_Bdd.ParcoursPoints (idPoint, idParcours, numeroParcours) VALUES (160, 5, 6);

INSERT INTO devWeb_Project_Bdd.Utilisateurs (id, username, password) VALUES (1, 'admin', 'admin1234');
INSERT INTO devWeb_Project_Bdd.Utilisateurs (id, username, password) VALUES (9, 'Arylmera', 'azerty');
INSERT INTO devWeb_Project_Bdd.Utilisateurs (id, username, password) VALUES (10, 'arnaud', 'arnaud1998');
INSERT INTO devWeb_Project_Bdd.Utilisateurs (id, username, password) VALUES (33, 'louis', 'user1234');

